fiscalDateEnding,reportedCurrency,totalAssets,totalCurrentAssets,cashAndCashEquivalentsAtCarryingValue,cashAndShortTermInvestments,inventory,currentNetReceivables,totalNonCurrentAssets,propertyPlantEquipment,accumulatedDepreciationAmortizationPPE,intangibleAssets,intangibleAssetsExcludingGoodwill,goodwill,investments,longTermInvestments,shortTermInvestments,otherCurrentAssets,otherNonCurrentAssets,totalLiabilities,totalCurrentLiabilities,currentAccountsPayable,deferredRevenue,currentDebt,shortTermDebt,totalNonCurrentLiabilities,capitalLeaseObligations,longTermDebt,currentLongTermDebt,longTermDebtNoncurrent,shortLongTermDebtTotal,otherCurrentLiabilities,otherNonCurrentLiabilities,totalShareholderEquity,treasuryStock,retainedEarnings,commonStock,commonStockSharesOutstanding,ticker
2025-06-30,USD,294744000000.0,73613000000.0,12005000000.0,12005000000.0,,16561000000.0,221131000000.0,,,,,20654000000.0,,21988000000.0,35066000000.0,9981000000.0,,99674000000.0,37305000000.0,10271000000.0,,,1977000000.0,62369000000.0,20728000000.0,28832000000.0,,,49560000000.0,13011000000.0,2740000000.0,195070000000.0,,106345000000.0,,2570000000.0,META
2025-03-31,USD,280213000000.0,90227000000.0,28750000000.0,28750000000.0,,14514000000.0,189986000000.0,,,,,20654000000.0,,6168000000.0,41480000000.0,5483000000.0,,95184000000.0,33890000000.0,8512000000.0,,,1976000000.0,61294000000.0,20690000000.0,28829000000.0,,,49519000000.0,12411000000.0,2760000000.0,185029000000.0,,101326000000.0,85568000000.0,2590000000.0,META
2024-12-31,USD,276054000000.0,100045000000.0,43889000000.0,43889000000.0,,16994000000.0,176009000000.0,,,915000000.0,915000000.0,20654000000.0,,6070000000.0,33926000000.0,5236000000.0,,93417000000.0,33596000000.0,7687000000.0,,,1942000000.0,59821000000.0,20234000000.0,28826000000.0,,,49060000000.0,13980000000.0,2716000000.0,182637000000.0,,102506000000.0,,2614000000.0,META
2024-09-30,USD,256408000000.0,91067000000.0,43852000000.0,43852000000.0,,14700000000.0,165341000000.0,,,973000000.0,973000000.0,20654000000.0,,6071000000.0,27048000000.0,5467000000.0,,91879000000.0,33330000000.0,7656000000.0,,,2016000000.0,58549000000.0,20224000000.0,28823000000.0,,,49047000000.0,20955000000.0,2347000000.0,164529000000.0,,84972000000.0,80749000000.0,2600000000.0,META
2024-06-30,USD,230238000000.0,76431000000.0,32045000000.0,32045000000.0,,14505000000.0,153807000000.0,,,984000000.0,984000000.0,20654000000.0,,6207000000.0,26035000000.0,3846000000.0,,73475000000.0,27004000000.0,3173000000.0,,,1917000000.0,46471000000.0,19602000000.0,18389000000.0,,,37991000000.0,19670000000.0,2500000000.0,156763000000.0,,81188000000.0,78270000000.0,2610000000.0,META
2024-03-31,USD,222844000000.0,75330000000.0,32307000000.0,32307000000.0,,13430000000.0,147514000000.0,,,829000000.0,829000000.0,20654000000.0,,6218000000.0,25813000000.0,3780000000.0,,73315000000.0,28101000000.0,3785000000.0,,,1676000000.0,45214000000.0,19246000000.0,18387000000.0,,,37633000000.0,17777000000.0,1462000000.0,149529000000.0,,76793000000.0,75391000000.0,2625000000.0,META
2023-12-31,USD,229623000000.0,85365000000.0,41862000000.0,41862000000.0,,16169000000.0,144258000000.0,,,788000000.0,788000000.0,20654000000.0,,6141000000.0,23541000000.0,3793000000.0,,76455000000.0,31960000000.0,4849000000.0,,,1623000000.0,44495000000.0,18849000000.0,18385000000.0,,,37234000000.0,1851000000.0,1370000000.0,153168000000.0,,82070000000.0,73253000000.0,2630000000.0,META
2023-09-30,USD,216274000000.0,78378000000.0,36890000000.0,36890000000.0,,12944000000.0,137896000000.0,104805000000.0,,813000000.0,813000000.0,20668000000.0,,6142000000.0,24233000000.0,4311000000.0,,73401000000.0,30531000000.0,4372000000.0,,,1460000000.0,42870000000.0,17834000000.0,18383000000.0,,,36217000000.0,323000000.0,1281000000.0,142873000000.0,,75205000000.0,,2641000000.0,META
2023-06-30,USD,206688000000.0,69560000000.0,28785000000.0,28785000000.0,,12511000000.0,137128000000.0,100904000000.0,,856000000.0,856000000.0,20659000000.0,,6208000000.0,24661000000.0,3603000000.0,,72655000000.0,29921000000.0,3093000000.0,,,1396000000.0,42734000000.0,17836000000.0,18382000000.0,,,36218000000.0,-1114000000.0,7912000000.0,134033000000.0,,67980000000.0,69159000000.0,2612000000.0,META
2023-03-31,USD,184491000000.0,52483000000.0,11551000000.0,11551000000.0,,11044000000.0,132008000000.0,97055000000.0,,949000000.0,949000000.0,20649000000.0,,6167000000.0,25888000000.0,4000000000.0,,59696000000.0,25381000000.0,3672000000.0,,,1479000000.0,34315000000.0,17650000000.0,9925000000.0,,,27575000000.0,740000000.0,8219000000.0,124795000000.0,,61241000000.0,66535000000.0,2596000000.0,META
2022-12-31,USD,185727000000.0,59549000000.0,14681000000.0,14681000000.0,,13466000000.0,126178000000.0,92191000000.0,,897000000.0,897000000.0,20306000000.0,,6201000000.0,26057000000.0,5345000000.0,,60014000000.0,27026000000.0,4990000000.0,,,1367000000.0,32988000000.0,16668000000.0,9923000000.0,,,26591000000.0,2567000000.0,15301000000.0,125713000000.0,,64799000000.0,64444000000.0,2640000000.0,META
2022-09-30,USD,178894000000.0,58315000000.0,14308000000.0,14308000000.0,,11227000000.0,120579000000.0,87379000000.0,,875000000.0,875000000.0,20268000000.0,,6528000000.0,27468000000.0,5312000000.0,,54800000000.0,22687000000.0,3871000000.0,,,1291000000.0,32113000000.0,15978000000.0,9922000000.0,,,25900000000.0,17011000000.0,7504000000.0,124094000000.0,,67056000000.0,62092000000.0,2687000000.0,META
2022-06-30,USD,169779000000.0,55987000000.0,12681000000.0,12681000000.0,,11525000000.0,113792000000.0,81718000000.0,,965000000.0,965000000.0,20229000000.0,,6536000000.0,27808000000.0,3973000000.0,,44012000000.0,22217000000.0,4008000000.0,,,1275000000.0,21795000000.0,16067000000.0,,,,16067000000.0,16402000000.0,21795000000.0,125767000000.0,,69249000000.0,59929000000.0,2713000000.0,META
2022-03-31,USD,164218000000.0,59265000000.0,14886000000.0,14886000000.0,,11390000000.0,104953000000.0,73823000000.0,,910000000.0,910000000.0,19923000000.0,,6775000000.0,29004000000.0,3985000000.0,,40990000000.0,21086000000.0,3246000000.0,,,1159000000.0,19904000000.0,14053000000.0,,,,14053000000.0,16161000000.0,19904000000.0,123228000000.0,,67712000000.0,57512000000.0,2742000000.0,META
2021-12-31,USD,165987000000.0,66666000000.0,16601000000.0,16601000000.0,,14039000000.0,99321000000.0,69964000000.0,,634000000.0,634000000.0,19197000000.0,,6775000000.0,31397000000.0,4629000000.0,,41108000000.0,21135000000.0,4083000000.0,,,1127000000.0,19973000000.0,13873000000.0,,,,13873000000.0,14108000000.0,19973000000.0,124879000000.0,,69761000000.0,55811000000.0,2799000000.0,META
2021-09-30,USD,169585000000.0,75421000000.0,14496000000.0,14496000000.0,,12088000000.0,94164000000.0,64789000000.0,,365000000.0,365000000.0,19065000000.0,,6758000000.0,43579000000.0,5258000000.0,,36225000000.0,17812000000.0,2195000000.0,,,1086000000.0,18413000000.0,12640000000.0,,,,12640000000.0,14067000000.0,6859000000.0,133360000000.0,,79233000000.0,54334000000.0,2859000000.0,META
2021-06-30,USD,170609000000.0,80697000000.0,16186000000.0,16186000000.0,,11698000000.0,89912000000.0,61434000000.0,,514000000.0,514000000.0,19219000000.0,,6393000000.0,47894000000.0,4919000000.0,,32382000000.0,14874000000.0,973000000.0,,,1051000000.0,17508000000.0,12007000000.0,,,,12007000000.0,12459000000.0,6552000000.0,138227000000.0,,85097000000.0,52845000000.0,2879224000.0,META
2021-03-31,USD,163523000000.0,77322000000.0,19513000000.0,19513000000.0,,10276000000.0,86201000000.0,57922000000.0,,505000000.0,505000000.0,19056000000.0,,6342000000.0,44706000000.0,2827000000.0,,29866000000.0,12717000000.0,878000000.0,,,1040000000.0,17149000000.0,11614000000.0,,,,11614000000.0,10417000000.0,17149000000.0,133657000000.0,,82343000000.0,51160000000.0,2882000000.0,META
2020-12-31,USD,159316000000.0,75670000000.0,17576000000.0,17576000000.0,,11335000000.0,83646000000.0,45633000000.0,,623000000.0,623000000.0,19050000000.0,,6234000000.0,44378000000.0,2381000000.0,,31026000000.0,14981000000.0,1331000000.0,,,1023000000.0,16045000000.0,10654000000.0,,,,10654000000.0,10207000000.0,16045000000.0,128290000000.0,,77345000000.0,50018000000.0,2892924000.0,META
2020-09-30,USD,146437000000.0,65799000000.0,11617000000.0,11617000000.0,,8024000000.0,80638000000.0,42291000000.0,,744000000.0,744000000.0,19031000000.0,,6164000000.0,44003000000.0,2155000000.0,,28706000000.0,11944000000.0,1106000000.0,,,975000000.0,16762000000.0,10616000000.0,,,,10616000000.0,9484000000.0,16762000000.0,117731000000.0,,68513000000.0,,2891000000.0,META
2020-06-30,USD,139691000000.0,68130000000.0,21045000000.0,21045000000.0,,7483000000.0,71561000000.0,39006000000.0,,859000000.0,859000000.0,19029000000.0,,,37195000000.0,2407000000.0,,29244000000.0,11308000000.0,920000000.0,,,899000000.0,17936000000.0,10532000000.0,,,,10532000000.0,9225000000.0,17936000000.0,110447000000.0,,62784000000.0,47805000000.0,2879000000.0,META
2020-03-31,USD,138371000000.0,69349000000.0,23618000000.0,23618000000.0,,7289000000.0,69022000000.0,37127000000.0,,838000000.0,838000000.0,18811000000.0,,,36671000000.0,1771000000.0,,33067000000.0,15069000000.0,829000000.0,,,835000000.0,17998000000.0,10344000000.0,,,,10344000000.0,13158000000.0,17998000000.0,105304000000.0,,59160000000.0,46688000000.0,2868000000.0,META
2019-12-31,USD,133376000000.0,66225000000.0,19079000000.0,19079000000.0,,9518000000.0,67151000000.0,35323000000.0,,894000000.0,894000000.0,18715000000.0,,,35776000000.0,1852000000.0,,32322000000.0,15053000000.0,1363000000.0,,,800000000.0,17269000000.0,10324000000.0,,277000000.0,,10324000000.0,12621000000.0,17269000000.0,101054000000.0,,55692000000.0,45851000000.0,2871000000.0,META
2019-09-30,USD,124418000000.0,62079000000.0,15979000000.0,15979000000.0,,7673000000.0,62339000000.0,32284000000.0,,853000000.0,853000000.0,18338000000.0,,,36290000000.0,2137000000.0,,30419000000.0,13328000000.0,860000000.0,,,776000000.0,17091000000.0,9132000000.0,,,,9132000000.0,11467000000.0,17091000000.0,93999000000.0,,49789000000.0,45059000000.0,2874000000.0,META
2019-06-30,USD,117006000000.0,57961000000.0,13877000000.0,13877000000.0,,7513000000.0,59045000000.0,29999000000.0,,994000000.0,994000000.0,18334000000.0,,,34719000000.0,1852000000.0,,28244000000.0,12979000000.0,655000000.0,,,688000000.0,15265000000.0,7810000000.0,7122000000.0,688000000.0,,7810000000.0,11438000000.0,15265000000.0,88762000000.0,,44968000000.0,44277000000.0,2875000000.0,META
2019-03-31,USD,109477000000.0,53300000000.0,11076000000.0,11076000000.0,,6475000000.0,56177000000.0,27345000000.0,,1150000000.0,1150000000.0,18333000000.0,,,34167000000.0,1582000000.0,,22961000000.0,9908000000.0,604000000.0,,,645000000.0,13053000000.0,7210000000.0,6565000000.0,645000000.0,,7210000000.0,8517000000.0,13053000000.0,86516000000.0,,43764000000.0,43533000000.0,2869000000.0,META
2018-12-31,USD,97334000000.0,50480000000.0,10019000000.0,10019000000.0,,7587000000.0,46854000000.0,24683000000.0,,1294000000.0,1294000000.0,18301000000.0,,,31095000000.0,1779000000.0,,13207000000.0,7017000000.0,820000000.0,,,500000000.0,6190000000.0,,,,,500000000.0,5059000000.0,6190000000.0,84127000000.0,,41981000000.0,42906000000.0,2886000000.0,META
2018-09-30,USD,92452000000.0,49147000000.0,9637000000.0,9637000000.0,0.0,6058000000.0,43305000000.0,21112000000.0,,1451000000.0,1451000000.0,18304000000.0,,,31569000000.0,1883000000.0,,12110000000.0,5462000000.0,590000000.0,,,,6648000000.0,,70000000.0,,,70000000.0,4757000000.0,6648000000.0,80342000000.0,0.0,38767000000.0,0.0,2918750000.0,META
2018-06-30,USD,90291000000.0,49833000000.0,11552000000.0,11552000000.0,0.0,5590000000.0,40458000000.0,18357000000.0,,1573000000.0,1573000000.0,18263000000.0,,,30757000000.0,1934000000.0,,10909000000.0,4670000000.0,419000000.0,,,121000000.0,6239000000.0,,121000000.0,121000000.0,,121000000.0,4160000000.0,6239000000.0,79382000000.0,0.0,38237000000.0,0.0,2934483000.0,META
2018-03-31,USD,88945000000.0,50412000000.0,12082000000.0,12082000000.0,0.0,5115000000.0,38533000000.0,16211000000.0,,1735000000.0,1735000000.0,18268000000.0,,,31874000000.0,1341000000.0,,11325000000.0,5086000000.0,593000000.0,,,98000000.0,6239000000.0,,98000000.0,98000000.0,,98000000.0,4399000000.0,6239000000.0,77620000000.0,0.0,36780000000.0,0.0,2945000000.0,META
2017-12-31,USD,84524000000.0,48563000000.0,8079000000.0,8079000000.0,0.0,5832000000.0,35961000000.0,13721000000.0,,1884000000.0,1884000000.0,18221000000.0,,,33632000000.0,1020000000.0,,10177000000.0,3760000000.0,380000000.0,,,340000000.0,6417000000.0,,72000000.0,390000000.0,,340000000.0,2602000000.0,6417000000.0,74347000000.0,0.0,33990000000.0,40584000000.0,2954000000.0,META
2017-09-30,USD,78998000000.0,44203000000.0,7201000000.0,7201000000.0,0.0,4424000000.0,34795000000.0,12158000000.0,,2050000000.0,2050000000.0,18213000000.0,,,31088000000.0,1490000000.0,,7790000000.0,3305000000.0,383000000.0,,,314000000.0,4485000000.0,,0.0,314000000.0,,,2817000000.0,4485000000.0,71208000000.0,0.0,31209000000.0,0.0,2956000000.0,META
2017-06-30,USD,73843000000.0,40804000000.0,6252000000.0,6252000000.0,0.0,3897000000.0,33039000000.0,10628000000.0,,2186000000.0,2186000000.0,18129000000.0,,,29200000000.0,1455000000.0,,7362000000.0,3315000000.0,323000000.0,,,278000000.0,4047000000.0,,0.0,278000000.0,,,2904000000.0,4047000000.0,66481000000.0,0.0,27560000000.0,0.0,2951000000.0,META
2017-03-31,USD,68714000000.0,36930000000.0,7104000000.0,7104000000.0,0.0,3415000000.0,31784000000.0,9462000000.0,,2360000000.0,2360000000.0,18126000000.0,,,25202000000.0,1209000000.0,,6526000000.0,2928000000.0,170000000.0,,,278000000.0,3598000000.0,,0.0,278000000.0,,,2678000000.0,3598000000.0,62188000000.0,0.0,24175000000.0,0.0,2944000000.0,META
2016-12-31,USD,64961000000.0,34401000000.0,8903000000.0,8903000000.0,0.0,3993000000.0,30560000000.0,8591000000.0,,2535000000.0,2535000000.0,18122000000.0,,,20546000000.0,959000000.0,,5767000000.0,2875000000.0,302000000.0,,,1247000000.0,2892000000.0,,112000000.0,280000000.0,,,2483000000.0,2892000000.0,59194000000.0,0.0,21670000000.0,38227000000.0,2938000000.0,META
2016-09-30,USD,59674000000.0,30328000000.0,6038000000.0,6038000000.0,0.0,3070000000.0,29346000000.0,7899000000.0,,2702000000.0,2702000000.0,18085000000.0,,,20102000000.0,1118000000.0,,5559000000.0,2595000000.0,260000000.0,,,239000000.0,2964000000.0,,0.0,239000000.0,,,2257000000.0,2964000000.0,54115000000.0,0.0,15731000000.0,0.0,2931000000.0,META
2016-06-30,USD,55739000000.0,27010000000.0,5108000000.0,5108000000.0,0.0,2801000000.0,28729000000.0,7104000000.0,,2879000000.0,2879000000.0,18043000000.0,,,18185000000.0,916000000.0,,5356000000.0,2211000000.0,130000000.0,,,232000000.0,3145000000.0,,0.0,232000000.0,,,2002000000.0,3145000000.0,50383000000.0,0.0,13352000000.0,0.0,2921000000.0,META
2016-03-31,USD,52075000000.0,23812000000.0,6456000000.0,6456000000.0,0.0,2348000000.0,28263000000.0,6467000000.0,,3067000000.0,3067000000.0,18029000000.0,,,14165000000.0,843000000.0,,4925000000.0,1809000000.0,149000000.0,,,216000000.0,3116000000.0,,0.0,216000000.0,,,1605000000.0,3116000000.0,47150000000.0,0.0,11297000000.0,0.0,2905000000.0,META
2015-12-31,USD,49407000000.0,21652000000.0,4907000000.0,4907000000.0,0.0,2559000000.0,27755000000.0,5687000000.0,,3246000000.0,3246000000.0,18026000000.0,,,13527000000.0,659000000.0,,5189000000.0,1925000000.0,196000000.0,,,208000000.0,3264000000.0,107000000.0,107000000.0,315000000.0,,315000000.0,1465000000.0,3157000000.0,44218000000.0,0.0,9787000000.0,34886000000.0,2878000000.0,META
2015-09-30,USD,46469000000.0,19139000000.0,4308000000.0,4308000000.0,0.0,2010000000.0,27330000000.0,5335000000.0,,3437000000.0,3437000000.0,18024000000.0,,,11526000000.0,1295000000.0,,5049000000.0,1792000000.0,149000000.0,,,17000000.0,3257000000.0,109000000.0,109000000.0,,,126000000.0,1579000000.0,3148000000.0,41420000000.0,0.0,8226000000.0,0.0,2863000000.0,META
2015-06-30,USD,44130000000.0,16951000000.0,5123000000.0,5123000000.0,0.0,1815000000.0,27179000000.0,4955000000.0,,3605000000.0,3605000000.0,18025000000.0,,,9002000000.0,1011000000.0,,4678000000.0,1881000000.0,139000000.0,,,39000000.0,2797000000.0,110000000.0,110000000.0,,,149000000.0,1654000000.0,2687000000.0,39452000000.0,0.0,7330000000.0,0.0,2850000000.0,META
2015-03-31,USD,42007000000.0,15004000000.0,3419000000.0,3419000000.0,0.0,1508000000.0,27003000000.0,4619000000.0,,3774000000.0,3774000000.0,18005000000.0,,,8994000000.0,1083000000.0,,4506000000.0,1746000000.0,129000000.0,,,73000000.0,2760000000.0,113000000.0,113000000.0,,,186000000.0,1489000000.0,2647000000.0,37501000000.0,0.0,6611000000.0,0.0,2836000000.0,META
2014-12-31,USD,40184000000.0,13390000000.0,4315000000.0,4315000000.0,0.0,1678000000.0,26514000000.0,3967000000.0,,3929000000.0,3929000000.0,17981000000.0,,,6884000000.0,513000000.0,,4088000000.0,1424000000.0,176000000.0,,,114000000.0,2664000000.0,119000000.0,119000000.0,233000000.0,,233000000.0,1068000000.0,2545000000.0,36096000000.0,0.0,6099000000.0,30225000000.0,2816000000.0,META
2014-09-30,USD,24188000000.0,16115000000.0,8999000000.0,8999000000.0,0.0,1363000000.0,8073000000.0,3703000000.0,,1317000000.0,1317000000.0,2612000000.0,,,5251000000.0,502000000.0,,2950000000.0,1234000000.0,120000000.0,,,149000000.0,1716000000.0,129000000.0,129000000.0,,,278000000.0,917000000.0,1587000000.0,21238000000.0,0.0,5398000000.0,0.0,2644000000.0,META
2014-06-30,USD,20769000000.0,15557000000.0,4384000000.0,4384000000.0,0.0,1190000000.0,5212000000.0,3334000000.0,,815000000.0,815000000.0,857000000.0,,,9572000000.0,411000000.0,,2423000000.0,1214000000.0,146000000.0,,,173000000.0,1209000000.0,153000000.0,153000000.0,,,326000000.0,842000000.0,1056000000.0,18346000000.0,0.0,4592000000.0,0.0,2615000000.0,META
2014-03-31,USD,19028000000.0,14060000000.0,2998000000.0,2998000000.0,0.0,1006000000.0,4968000000.0,3074000000.0,,842000000.0,842000000.0,840000000.0,,,9631000000.0,425000000.0,,2291000000.0,1037000000.0,85000000.0,,,201000000.0,1254000000.0,191000000.0,191000000.0,,,392000000.0,713000000.0,1063000000.0,16737000000.0,0.0,3801000000.0,0.0,2609000000.0,META
2013-12-31,USD,17895000000.0,13070000000.0,3323000000.0,3323000000.0,0.0,1109000000.0,4825000000.0,2882000000.0,,883000000.0,883000000.0,839000000.0,,,8126000000.0,512000000.0,,2425000000.0,1100000000.0,87000000.0,,,239000000.0,1325000000.0,237000000.0,237000000.0,,,476000000.0,685000000.0,1088000000.0,15470000000.0,0.0,3159000000.0,12297000000.0,2558000000.0,META
2013-09-30,USD,14933000000.0,10549000000.0,3100000000.0,3100000000.0,0.0,872000000.0,4384000000.0,2685000000.0,,847000000.0,847000000.0,762000000.0,,,6228000000.0,349000000.0,,1885000000.0,984000000.0,36000000.0,,,288000000.0,901000000.0,287000000.0,287000000.0,,,575000000.0,617000000.0,614000000.0,13048000000.0,0.0,2636000000.0,0.0,2528000000.0,META
2013-06-30,USD,15724000000.0,11421000000.0,3001000000.0,3001000000.0,0.0,782000000.0,4303000000.0,2577000000.0,,869000000.0,869000000.0,762000000.0,,,7251000000.0,387000000.0,,3375000000.0,1080000000.0,55000000.0,,,632000000.0,2295000000.0,351000000.0,1500000000.0,,,2167000000.0,354000000.0,444000000.0,12349000000.0,0.0,2211000000.0,0.0,2502000000.0,META
2013-03-31,USD,15163000000.0,11042000000.0,2325000000.0,2325000000.0,0.0,1085000000.0,4121000000.0,2533000000.0,,847000000.0,847000000.0,654000000.0,,,7147000000.0,485000000.0,,3339000000.0,1063000000.0,75000000.0,,,338000000.0,2276000000.0,420000000.0,1500000000.0,,,2258000000.0,194000000.0,356000000.0,11824000000.0,0.0,1878000000.0,0.0,2499000000.0,META
2012-12-31,USD,15103000000.0,11267000000.0,2384000000.0,2384000000.0,0.0,1170000000.0,3836000000.0,2391000000.0,,801000000.0,801000000.0,587000000.0,,,7242000000.0,471000000.0,,3348000000.0,1052000000.0,65000000.0,,,365000000.0,2296000000.0,491000000.0,1500000000.0,,,2356000000.0,141000000.0,305000000.0,11755000000.0,0.0,1659000000.0,0.0,2660726440.0,META
2012-09-30,USD,16038000000.0,12285000000.0,2478000000.0,2478000000.0,0.0,1202000000.0,3753000000.0,2289000000.0,,833000000.0,833000000.0,590000000.0,,,7974000000.0,631000000.0,,1864000000.0,1080000000.0,59000000.0,,,372000000.0,784000000.0,530000000.0,530000000.0,,,902000000.0,-3000000.0,254000000.0,14174000000.0,0.0,1595000000.0,12585000000.0,2420000019.0,META
2012-06-30,USD,14928000000.0,11967000000.0,2098000000.0,2098000000.0,0.0,1145000000.0,2961000000.0,2105000000.0,,709000000.0,709000000.0,100000000.0,,,8090000000.0,634000000.0,,1619000000.0,1034000000.0,43000000.0,,,312000000.0,585000000.0,394000000.0,394000000.0,,,706000000.0,27000000.0,191000000.0,13309000000.0,0.0,1654000000.0,11684000000.0,1879000015.0,META
2012-03-31,USD,7184000000.0,5019000000.0,1282000000.0,1282000000.0,,482000000.0,2165000000.0,1855000000.0,,107000000.0,107000000.0,82000000.0,,,2628000000.0,627000000.0,,1587000000.0,1039000000.0,129000000.0,,,302000000.0,548000000.0,,404000000.0,,,706000000.0,515000000.0,,5597000000.0,,1171000000.0,,2138085037.0,META
2011-12-31,USD,6331000000.0,4604000000.0,1512000000.0,1512000000.0,,547000000.0,1727000000.0,1475000000.0,,80000000.0,80000000.0,82000000.0,,,2396000000.0,149000000.0,,1432000000.0,899000000.0,63000000.0,,,279000000.0,533000000.0,,398000000.0,,,677000000.0,467000000.0,,4899000000.0,,1606000000.0,,2556000020.0,META
2011-09-30,USD,,,,,,,,,,,,,,,,,,,,,,,,,,,,,,,,,,,,2556000020.0,META
2011-06-30,USD,,,,,,,,,,,,,,,,,,,,,,,,,,,,,,,,,,,,2556000020.0,META
2011-03-31,USD,,,,,,,,,,,,,,,,,,,,,,,,,,,,,,,,,,,,2556000020.0,META
2010-12-31,USD,2990000000.0,,1785000000.0,1785000000.0,,,,574000000.0,,96000000.0,96000000.0,37000000.0,,,,88000000.0,,828000000.0,389000000.0,29000000.0,,,,,,367000000.0,,,,254000000.0,,2162000000.0,,600000000.0,,,META
2025-06-30,USD,331495000000.0,122491000000.0,36269000000.0,36269000000.0,5925000000.0,46835000000.0,209004000000.0,48508000000.0,,,,,,77614000000.0,24907000000.0,14359000000.0,,265665000000.0,141120000000.0,50374000000.0,,,19268000000.0,124545000000.0,,82430000000.0,19268000000.0,,101698000000.0,62499000000.0,42115000000.0,65830000000.0,,-17607000000.0,89806000000.0,14948179000.0,AAPL
2025-03-31,USD,331233000000.0,118674000000.0,28162000000.0,28162000000.0,6269000000.0,49798000000.0,212559000000.0,46876000000.0,,,,,,84424000000.0,20336000000.0,14109000000.0,,264437000000.0,144571000000.0,54126000000.0,,,19620000000.0,119866000000.0,,78566000000.0,19620000000.0,,98186000000.0,61849000000.0,41300000000.0,66796000000.0,,-15552000000.0,88711000000.0,15056133000.0,AAPL
2024-12-31,USD,344085000000.0,133240000000.0,30299000000.0,30299000000.0,6911000000.0,59306000000.0,210845000000.0,46069000000.0,,,,,,87593000000.0,23476000000.0,13248000000.0,,277327000000.0,144365000000.0,61910000000.0,,,12843000000.0,132962000000.0,,83956000000.0,12843000000.0,,96799000000.0,61151000000.0,49006000000.0,66758000000.0,,-11221000000.0,84768000000.0,15150865000.0,AAPL
2024-09-30,USD,364980000000.0,152987000000.0,29943000000.0,29943000000.0,7286000000.0,66243000000.0,211993000000.0,45680000000.0,,,,,,91479000000.0,35228000000.0,14287000000.0,,308030000000.0,176392000000.0,68960000000.0,,,22511000000.0,131638000000.0,,85750000000.0,20879000000.0,,106629000000.0,50071000000.0,36634000000.0,56950000000.0,,-19154000000.0,83276000000.0,15408095000.0,AAPL
2024-06-30,USD,331612000000.0,125435000000.0,25565000000.0,25565000000.0,6165000000.0,43172000000.0,206177000000.0,43550000000.0,,,,,,91240000000.0,36236000000.0,14297000000.0,,264904000000.0,131624000000.0,47574000000.0,,,15108000000.0,133280000000.0,,86196000000.0,15108000000.0,,101304000000.0,60889000000.0,47084000000.0,66708000000.0,,-4726000000.0,79850000000.0,15348175000.0,AAPL
2024-03-31,USD,337411000000.0,128416000000.0,32695000000.0,32695000000.0,6232000000.0,41150000000.0,208995000000.0,43670000000.0,,,,,,95187000000.0,34455000000.0,13884000000.0,,263217000000.0,123822000000.0,45753000000.0,,,12759000000.0,139395000000.0,,91831000000.0,12759000000.0,,104590000000.0,57298000000.0,47564000000.0,74194000000.0,,4339000000.0,78815000000.0,15464709000.0,AAPL
2023-12-31,USD,353514000000.0,143692000000.0,40760000000.0,40760000000.0,6511000000.0,50102000000.0,209822000000.0,54380000000.0,,,,,,99475000000.0,32340000000.0,13979000000.0,,279414000000.0,133973000000.0,58146000000.0,,,12952000000.0,145441000000.0,,95088000000.0,12952000000.0,,108040000000.0,54611000000.0,50353000000.0,74100000000.0,,8242000000.0,75236000000.0,15576641000.0,AAPL
2023-09-30,USD,352583000000.0,143566000000.0,29965000000.0,29965000000.0,6331000000.0,60985000000.0,209017000000.0,43715000000.0,,,,,,100544000000.0,31590000000.0,14695000000.0,,290437000000.0,145308000000.0,62611000000.0,,,17382000000.0,145129000000.0,12842000000.0,95281000000.0,15807000000.0,,123930000000.0,48435000000.0,49848000000.0,62146000000.0,,-214000000.0,73812000000.0,15672400000.0,AAPL
2023-06-30,USD,335038000000.0,122659000000.0,28408000000.0,28408000000.0,7351000000.0,39186000000.0,212379000000.0,43550000000.0,70787000000.0,,,,,104061000000.0,34074000000.0,13640000000.0,,274764000000.0,124963000000.0,46699000000.0,,,11209000000.0,149801000000.0,,98071000000.0,11209000000.0,,109280000000.0,58897000000.0,51730000000.0,60274000000.0,,1408000000.0,70667000000.0,15775021000.0,AAPL
2023-03-31,USD,332160000000.0,112913000000.0,24687000000.0,24687000000.0,7482000000.0,35899000000.0,219247000000.0,43398000000.0,69668000000.0,,,,,110461000000.0,31185000000.0,13660000000.0,,270002000000.0,120075000000.0,42945000000.0,,,12574000000.0,149927000000.0,,97041000000.0,12574000000.0,,109615000000.0,56425000000.0,52886000000.0,62158000000.0,,4336000000.0,69568000000.0,15847050000.0,AAPL
2022-12-31,USD,346747000000.0,128777000000.0,20535000000.0,20535000000.0,6820000000.0,54180000000.0,217970000000.0,42951000000.0,68044000000.0,,,,,114095000000.0,30820000000.0,16422000000.0,,290020000000.0,137286000000.0,57918000000.0,,,11483000000.0,152734000000.0,,99627000000.0,11483000000.0,,111110000000.0,59893000000.0,53107000000.0,56727000000.0,,3240000000.0,66399000000.0,15955718000.0,AAPL
2022-09-30,USD,352755000000.0,135405000000.0,23646000000.0,23646000000.0,4946000000.0,60932000000.0,217350000000.0,42117000000.0,72340000000.0,,,,,120805000000.0,24658000000.0,21223000000.0,,302083000000.0,153982000000.0,64115000000.0,,,21110000000.0,148101000000.0,,98959000000.0,21110000000.0,,120069000000.0,60845000000.0,49142000000.0,50672000000.0,,-3068000000.0,64849000000.0,16118465000.0,AAPL
2022-06-30,USD,336309000000.0,112292000000.0,27502000000.0,27502000000.0,5433000000.0,42242000000.0,224017000000.0,40335000000.0,,,,,,131077000000.0,20729000000.0,16386000000.0,,278202000000.0,129873000000.0,48343000000.0,,,24991000000.0,148329000000.0,,94700000000.0,24991000000.0,,119691000000.0,48811000000.0,53629000000.0,58107000000.0,,5289000000.0,62115000000.0,16262203000.0,AAPL
2022-03-31,USD,350662000000.0,118180000000.0,28098000000.0,28098000000.0,5460000000.0,45400000000.0,232482000000.0,39304000000.0,,,,,,141219000000.0,23413000000.0,15809000000.0,,283263000000.0,127508000000.0,52682000000.0,,,16658000000.0,155755000000.0,,103323000000.0,16658000000.0,,119981000000.0,50248000000.0,52432000000.0,67399000000.0,,12712000000.0,61181000000.0,16519291000.0,AAPL
2021-12-31,USD,381191000000.0,153154000000.0,37119000000.0,37119000000.0,5876000000.0,65253000000.0,228037000000.0,39245000000.0,,,,,,138683000000.0,26794000000.0,18112000000.0,,309259000000.0,147574000000.0,74362000000.0,,,16169000000.0,161685000000.0,,106629000000.0,16169000000.0,,122798000000.0,7926000000.0,55056000000.0,71932000000.0,,14435000000.0,58424000000.0,16519291000.0,AAPL
2021-09-30,USD,351002000000.0,134836000000.0,34940000000.0,34940000000.0,6580000000.0,51506000000.0,216166000000.0,39440000000.0,,,,,,127877000000.0,27699000000.0,14111000000.0,,287912000000.0,125481000000.0,54763000000.0,,,15613000000.0,162431000000.0,,109106000000.0,15613000000.0,,124719000000.0,47493000000.0,28636000000.0,63090000000.0,,5562000000.0,57365000000.0,16635097000.0,AAPL
2021-06-30,USD,329840000000.0,114423000000.0,34050000000.0,34050000000.0,5178000000.0,33908000000.0,215417000000.0,38615000000.0,,,,,,131948000000.0,27646000000.0,13641000000.0,,265560000000.0,107754000000.0,40409000000.0,,,16039000000.0,157806000000.0,,105752000000.0,16039000000.0,,121791000000.0,43625000000.0,27131000000.0,64280000000.0,,9233000000.0,54989000000.0,16781735000.0,AAPL
2021-03-31,USD,337158000000.0,121465000000.0,38466000000.0,38466000000.0,5219000000.0,33036000000.0,215693000000.0,37815000000.0,,,,,,134539000000.0,31368000000.0,13376000000.0,,267980000000.0,106385000000.0,40127000000.0,,,13003000000.0,161595000000.0,,108642000000.0,13003000000.0,,121645000000.0,45660000000.0,27791000000.0,69178000000.0,,15261000000.0,54203000000.0,16929157000.0,AAPL
2020-12-31,USD,354054000000.0,154106000000.0,36010000000.0,36010000000.0,4973000000.0,58620000000.0,199948000000.0,37933000000.0,,,,,,118745000000.0,40816000000.0,13687000000.0,,287830000000.0,132507000000.0,63846000000.0,,,12762000000.0,155323000000.0,,99281000000.0,12762000000.0,,112043000000.0,48504000000.0,27872000000.0,66224000000.0,,14301000000.0,51744000000.0,17113688000.0,AAPL
2020-09-30,USD,323888000000.0,143713000000.0,38016000000.0,38016000000.0,4061000000.0,37445000000.0,180175000000.0,36766000000.0,,,,,,100887000000.0,52927000000.0,11264000000.0,,258549000000.0,105392000000.0,42296000000.0,,,13769000000.0,153157000000.0,,98667000000.0,13769000000.0,,112436000000.0,42684000000.0,26320000000.0,65339000000.0,,14966000000.0,50779000000.0,17256521000.0,AAPL
2020-06-30,USD,317344000000.0,140065000000.0,33383000000.0,33383000000.0,3978000000.0,32075000000.0,177279000000.0,35687000000.0,,,,,,100592000000.0,59642000000.0,10987000000.0,,245062000000.0,95318000000.0,35325000000.0,,,18675000000.0,149744000000.0,,94048000000.0,18675000000.0,,112723000000.0,35005000000.0,55696000000.0,72282000000.0,,24136000000.0,48696000000.0,17419152000.0,AAPL
2020-03-31,USD,320400000000.0,143753000000.0,40174000000.0,40174000000.0,3334000000.0,30677000000.0,176647000000.0,35889000000.0,,,,,,98793000000.0,53877000000.0,15691000000.0,,241975000000.0,96094000000.0,32421000000.0,,,20421000000.0,145881000000.0,,89086000000.0,20421000000.0,,109507000000.0,37324000000.0,56795000000.0,78425000000.0,,33182000000.0,48032000000.0,17618764000.0,AAPL
2019-12-31,USD,340618000000.0,163231000000.0,39771000000.0,39771000000.0,4097000000.0,39946000000.0,177387000000.0,37031000000.0,,,,,,99899000000.0,67391000000.0,12026000000.0,,251087000000.0,102161000000.0,45111000000.0,,,15214000000.0,148926000000.0,,93078000000.0,15214000000.0,,108292000000.0,36263000000.0,55848000000.0,89531000000.0,,43977000000.0,45972000000.0,17818416000.0,AAPL
2019-09-30,USD,338516000000.0,162819000000.0,48844000000.0,48844000000.0,4106000000.0,45804000000.0,175697000000.0,37378000000.0,,,,,,105341000000.0,51713000000.0,12352000000.0,,248028000000.0,105718000000.0,46236000000.0,,,16240000000.0,142310000000.0,,91807000000.0,16240000000.0,,108047000000.0,37720000000.0,50503000000.0,90488000000.0,,45898000000.0,45174000000.0,18081492000.0,AAPL
2019-06-30,USD,322239000000.0,134973000000.0,50530000000.0,50530000000.0,3355000000.0,26474000000.0,187266000000.0,37636000000.0,,,,,,115996000000.0,44084000000.0,10530000000.0,,225783000000.0,89704000000.0,29115000000.0,,,23482000000.0,136079000000.0,,84936000000.0,23482000000.0,,108418000000.0,31673000000.0,51143000000.0,96456000000.0,,53724000000.0,43371000000.0,18405520000.0,AAPL
2019-03-31,USD,341998000000.0,123346000000.0,37988000000.0,37988000000.0,4884000000.0,26278000000.0,218652000000.0,38746000000.0,,,,,,145319000000.0,42104000000.0,12092000000.0,,236138000000.0,93772000000.0,30443000000.0,,,22429000000.0,142366000000.0,,90201000000.0,22429000000.0,,112630000000.0,35368000000.0,52165000000.0,105860000000.0,,64558000000.0,42801000000.0,18802584000.0,AAPL
2018-12-31,USD,373719000000.0,140828000000.0,44771000000.0,44771000000.0,4988000000.0,36981000000.0,232891000000.0,39597000000.0,,,,,,158608000000.0,41656000000.0,12432000000.0,,255827000000.0,108283000000.0,44293000000.0,,,21741000000.0,147544000000.0,,92989000000.0,9772000000.0,,114730000000.0,36703000000.0,54555000000.0,117892000000.0,,80510000000.0,40970000000.0,19093008000.0,AAPL
2018-09-30,USD,365725000000.0,131339000000.0,25913000000.0,25913000000.0,3956000000.0,48995000000.0,234386000000.0,41304000000.0,,,,0.0,,170799000000.0,40388000000.0,12087000000.0,,258578000000.0,116866000000.0,55888000000.0,,,20748000000.0,141712000000.0,,93735000000.0,8784000000.0,,114483000000.0,32687000000.0,45180000000.0,107147000000.0,0.0,70400000000.0,40201000000.0,19390188000.0,AAPL
2018-06-30,USD,349197000000.0,115761000000.0,31971000000.0,31971000000.0,5936000000.0,26367000000.0,233436000000.0,38117000000.0,,,,0.0,,172773000000.0,38999000000.0,12488000000.0,,234248000000.0,88548000000.0,38489000000.0,,,17472000000.0,145700000000.0,,97128000000.0,5498000000.0,,114600000000.0,25184000000.0,45694000000.0,114949000000.0,0.0,79436000000.0,38624000000.0,19706436000.0,AAPL
2018-03-31,USD,367502000000.0,130053000000.0,45059000000.0,45059000000.0,7662000000.0,22408000000.0,237449000000.0,35077000000.0,,,,0.0,,179286000000.0,42881000000.0,12043000000.0,,240624000000.0,89320000000.0,34311000000.0,,,20478000000.0,151304000000.0,,101362000000.0,8498000000.0,,121840000000.0,26756000000.0,46855000000.0,126878000000.0,0.0,91898000000.0,38044000000.0,20273972000.0,AAPL
2017-12-31,USD,406794000000.0,143810000000.0,27491000000.0,27491000000.0,4421000000.0,50899000000.0,262984000000.0,33679000000.0,,2149000000.0,2149000000.0,5889000000.0,,207944000000.0,49662000000.0,11337000000.0,,266595000000.0,115788000000.0,62985000000.0,,,18478000000.0,150807000000.0,,103922000000.0,6498000000.0,,122400000000.0,26281000000.0,43754000000.0,140199000000.0,0.0,104593000000.0,36447000000.0,20631148000.0,AAPL
2017-09-30,USD,375319000000.0,128645000000.0,20289000000.0,20289000000.0,4855000000.0,35673000000.0,246674000000.0,33783000000.0,,2298000000.0,2298000000.0,5717000000.0,,194714000000.0,53892000000.0,13936000000.0,,241272000000.0,100814000000.0,49049000000.0,,,18473000000.0,140458000000.0,,97207000000.0,6496000000.0,,115680000000.0,25744000000.0,40415000000.0,134047000000.0,0.0,98330000000.0,35867000000.0,20734340000.0,AAPL
2017-06-30,USD,345173000000.0,112875000000.0,18571000000.0,18571000000.0,3146000000.0,22632000000.0,232298000000.0,29286000000.0,,2444000000.0,2444000000.0,5661000000.0,,184757000000.0,58188000000.0,10338000000.0,,212748000000.0,81302000000.0,31915000000.0,,,18475000000.0,131446000000.0,,89864000000.0,108603000000.0,,108339000000.0,23304000000.0,38598000000.0,132425000000.0,0.0,98525000000.0,34445000000.0,20933996000.0,AAPL
2017-03-31,USD,334532000000.0,101990000000.0,15157000000.0,15157000000.0,2910000000.0,20612000000.0,232542000000.0,27163000000.0,,2617000000.0,2617000000.0,5473000000.0,,189740000000.0,51944000000.0,11367000000.0,,200450000000.0,73342000000.0,28573000000.0,,,13991000000.0,127108000000.0,,84531000000.0,13991000000.0,,98522000000.0,23096000000.0,39470000000.0,134082000000.0,0.0,100925000000.0,33579000000.0,21046752000.0,AAPL
2016-12-31,USD,331141000000.0,103332000000.0,16371000000.0,16371000000.0,2712000000.0,27977000000.0,227809000000.0,26510000000.0,,2848000000.0,2848000000.0,5423000000.0,,185638000000.0,44081000000.0,12191000000.0,,198751000000.0,84130000000.0,38510000000.0,,,13992000000.0,114621000000.0,,73557000000.0,13992000000.0,,87549000000.0,23739000000.0,37901000000.0,132390000000.0,0.0,100001000000.0,32144000000.0,21311980000.0,AAPL
2016-09-30,USD,321686000000.0,106869000000.0,20484000000.0,20484000000.0,2132000000.0,29299000000.0,214817000000.0,27010000000.0,,3206000000.0,3206000000.0,5414000000.0,,170430000000.0,46671000000.0,8283000000.0,,193437000000.0,79006000000.0,37294000000.0,,,11605000000.0,114431000000.0,,75427000000.0,3500000000.0,,87032000000.0,22027000000.0,36074000000.0,128249000000.0,0.0,96364000000.0,31251000000.0,21573332000.0,AAPL
2016-06-30,USD,305602000000.0,93761000000.0,18237000000.0,18237000000.0,1831000000.0,19042000000.0,211841000000.0,25448000000.0,,3506000000.0,3506000000.0,5261000000.0,,169764000000.0,43519000000.0,11132000000.0,,179061000000.0,71486000000.0,26318000000.0,,,15996000000.0,107575000000.0,,68939000000.0,15996000000.0,,84935000000.0,20820000000.0,35572000000.0,126541000000.0,0.0,96542000000.0,30106000000.0,21891124000.0,AAPL
2016-03-31,USD,305277000000.0,87592000000.0,21514000000.0,21514000000.0,2281000000.0,19824000000.0,217685000000.0,23203000000.0,,3843000000.0,3843000000.0,5249000000.0,,177645000000.0,33769000000.0,10204000000.0,,174820000000.0,68265000000.0,25098000000.0,,,10498000000.0,106555000000.0,,69374000000.0,10498000000.0,,79872000000.0,23208000000.0,33859000000.0,130457000000.0,0.0,102021000000.0,29484000000.0,22163544000.0,AAPL
2015-12-31,USD,293284000000.0,76219000000.0,16689000000.0,16689000000.0,2451000000.0,24621000000.0,217065000000.0,22300000000.0,,3924000000.0,3924000000.0,5202000000.0,,177665000000.0,21385000000.0,11073000000.0,,165017000000.0,76092000000.0,33312000000.0,,,9759000000.0,88925000000.0,,53204000000.0,,,62963000000.0,24032000000.0,32175000000.0,128267000000.0,0.0,101494000000.0,28253000000.0,22376508000.0,AAPL
2015-09-30,USD,290479000000.0,83832000000.0,21120000000.0,21120000000.0,2349000000.0,30343000000.0,201101000000.0,22471000000.0,,3893000000.0,3893000000.0,5116000000.0,,164065000000.0,20481000000.0,9539000000.0,,171124000000.0,80610000000.0,35490000000.0,,,10999000000.0,90514000000.0,,53463000000.0,2513000000.0,,64462000000.0,25181000000.0,33427000000.0,119355000000.0,0.0,92284000000.0,27416000000.0,22730076000.0,AAPL
2015-06-30,USD,273151000000.0,65943000000.0,15319000000.0,15319000000.0,2042000000.0,19907000000.0,202198000000.0,21149000000.0,,3779000000.0,3779000000.0,5044000000.0,,168145000000.0,19384000000.0,9291000000.0,,147474000000.0,65285000000.0,26474000000.0,,,6999000000.0,82189000000.0,,47419000000.0,,,54418000000.0,22724000000.0,31296000000.0,125677000000.0,0.0,98252000000.0,26327000000.0,23092396000.0,AAPL
2015-03-31,USD,261194000000.0,62750000000.0,14489000000.0,14489000000.0,2396000000.0,18164000000.0,193303000000.0,20151000000.0,,4061000000.0,4061000000.0,4711000000.0,,160443000000.0,18607000000.0,9094000000.0,,132188000000.0,58729000000.0,23159000000.0,,,3799000000.0,73459000000.0,,40072000000.0,,,43871000000.0,22827000000.0,29816000000.0,129006000000.0,0.0,100920000000.0,25376000000.0,23339432000.0,AAPL
2014-12-31,USD,261894000000.0,78357000000.0,19478000000.0,19478000000.0,2283000000.0,29976000000.0,178491000000.0,20392000000.0,,4370000000.0,4370000000.0,4629000000.0,,145492000000.0,12985000000.0,13635000000.0,,138566000000.0,73611000000.0,38001000000.0,,,3899000000.0,64955000000.0,,32504000000.0,,,36403000000.0,22724000000.0,28971000000.0,123328000000.0,0.0,97178000000.0,24187000000.0,23527212000.0,AAPL
2014-09-30,USD,231839000000.0,64213000000.0,13844000000.0,13844000000.0,2111000000.0,27219000000.0,163308000000.0,20624000000.0,,4142000000.0,4142000000.0,4616000000.0,,130162000000.0,11233000000.0,9806000000.0,,120292000000.0,63448000000.0,30196000000.0,,,6308000000.0,56844000000.0,,28987000000.0,35295000000.0,,35295000000.0,18453000000.0,24826000000.0,111547000000.0,0.0,87152000000.0,23313000000.0,23888328000.0,AAPL
2014-06-30,USD,222520000000.0,64065000000.0,12977000000.0,12977000000.0,1594000000.0,16841000000.0,154571000000.0,17585000000.0,,3767000000.0,3767000000.0,2374000000.0,,126685000000.0,24828000000.0,7825000000.0,,101580000000.0,46205000000.0,20535000000.0,,,2010000000.0,55375000000.0,,29030000000.0,,,31040000000.0,15264000000.0,23287000000.0,120940000000.0,0.0,98715000000.0,22139000000.0,24206844000.0,AAPL
2014-03-31,USD,205989000000.0,66527000000.0,18949000000.0,18949000000.0,1829000000.0,15820000000.0,135448000000.0,15120000000.0,,3928000000.0,3928000000.0,2055000000.0,,109239000000.0,22401000000.0,7528000000.0,,85810000000.0,43208000000.0,18914000000.0,,,10056000000.0,42602000000.0,,16962000000.0,,,16962000000.0,15984000000.0,22476000000.0,120179000000.0,0.0,98934000000.0,21496000000.0,24626784000.0,AAPL
2013-12-31,USD,225184000000.0,76605000000.0,14077000000.0,14077000000.0,2122000000.0,25198000000.0,144837000000.0,15488000000.0,,4105000000.0,4105000000.0,2022000000.0,,118131000000.0,26634000000.0,8574000000.0,,95500000000.0,53769000000.0,29588000000.0,,,9683000000.0,41731000000.0,,16961000000.0,,,16961000000.0,15824000000.0,21699000000.0,129684000000.0,0.0,109431000000.0,20559000000.0,25240656000.0,AAPL
2013-09-30,USD,207000000000.0,69833000000.0,14259000000.0,14259000000.0,1764000000.0,20641000000.0,133714000000.0,16597000000.0,,4179000000.0,4179000000.0,1577000000.0,,106215000000.0,26287000000.0,6882000000.0,,83451000000.0,43658000000.0,22367000000.0,,,7679000000.0,39793000000.0,,16960000000.0,,,16960000000.0,13856000000.0,20208000000.0,123549000000.0,0.0,104256000000.0,19764000000.0,25455668000.0,AAPL
2013-06-30,USD,199856000000.0,65026000000.0,11248000000.0,11248000000.0,1697000000.0,13453000000.0,131637000000.0,16327000000.0,,4353000000.0,4353000000.0,1522000000.0,,104014000000.0,31358000000.0,7270000000.0,,76502000000.0,36319000000.0,15516000000.0,,,7420000000.0,40183000000.0,,16958000000.0,,,16958000000.0,13470000000.0,20553000000.0,123354000000.0,0.0,104564000000.0,19024000000.0,25879420000.0,AAPL
2013-03-31,USD,194743000000.0,60095000000.0,12053000000.0,12053000000.0,1245000000.0,13336000000.0,131406000000.0,15026000000.0,,4136000000.0,4136000000.0,1400000000.0,,105550000000.0,27084000000.0,6377000000.0,,59253000000.0,35508000000.0,14912000000.0,,,7629000000.0,23745000000.0,,0.0,,,,13331000000.0,20868000000.0,135490000000.0,0.0,116572000000.0,17954000000.0,26488980000.0,AAPL
2012-12-31,USD,196088000000.0,69453000000.0,16154000000.0,16154000000.0,1455000000.0,21534000000.0,123740000000.0,15422000000.0,,4462000000.0,4462000000.0,1381000000.0,,97292000000.0,23666000000.0,6644000000.0,,68742000000.0,46879000000.0,26398000000.0,,,7461000000.0,21863000000.0,,0.0,,,,13207000000.0,18925000000.0,127346000000.0,0.0,109567000000.0,17167000000.0,26522076000.0,AAPL
2012-09-30,USD,176064000000.0,55070000000.0,10746000000.0,10746000000.0,791000000.0,18692000000.0,118411000000.0,15452000000.0,,4224000000.0,4224000000.0,1135000000.0,,92122000000.0,18383000000.0,6458000000.0,,57854000000.0,38542000000.0,21175000000.0,,,6310000000.0,19312000000.0,,0.0,,,,11414000000.0,16664000000.0,118210000000.0,0.0,101289000000.0,16422000000.0,26549208000.0,AAPL
2012-06-30,USD,162896000000.0,49634000000.0,7945000000.0,7945000000.0,1122000000.0,14298000000.0,110953000000.0,10487000000.0,,4329000000.0,4329000000.0,1132000000.0,,89567000000.0,19709000000.0,6560000000.0,,51150000000.0,33060000000.0,16808000000.0,,,5788000000.0,18090000000.0,,0.0,,,,10430000000.0,15560000000.0,111746000000.0,0.0,95641000000.0,15573000000.0,26517652000.0,AAPL
2012-03-31,USD,150934000000.0,48459000000.0,10121000000.0,10121000000.0,1102000000.0,13769000000.0,100222000000.0,8847000000.0,,3604000000.0,3604000000.0,1141000000.0,,81638000000.0,18417000000.0,5050000000.0,,48436000000.0,32036000000.0,17011000000.0,,,5835000000.0,16400000000.0,,0.0,,,,9778000000.0,13954000000.0,102498000000.0,0.0,87124000000.0,14850000000.0,26457004000.0,AAPL
2011-12-31,USD,138681000000.0,52834000000.0,10310000000.0,10310000000.0,1236000000.0,16484000000.0,83910000000.0,7816000000.0,,3472000000.0,3472000000.0,896000000.0,,67445000000.0,19846000000.0,4958000000.0,,48627000000.0,34607000000.0,18221000000.0,,,6895000000.0,14020000000.0,,0.0,,,,11500000000.0,11833000000.0,90054000000.0,0.0,75709000000.0,13961000000.0,26364016000.0,AAPL
2011-09-30,USD,116371000000.0,42974000000.0,9815000000.0,9815000000.0,776000000.0,11717000000.0,71383000000.0,7777000000.0,,3536000000.0,3536000000.0,896000000.0,,55618000000.0,16137000000.0,4529000000.0,,39756000000.0,27970000000.0,14632000000.0,,,5606000000.0,11786000000.0,,0.0,,,,9247000000.0,10100000000.0,76615000000.0,0.0,62841000000.0,13331000000.0,26306476000.0,AAPL
2011-06-30,USD,106758000000.0,45006000000.0,12091000000.0,12091000000.0,889000000.0,11471000000.0,59860000000.0,6749000000.0,,1169000000.0,1169000000.0,741000000.0,,47761000000.0,16304000000.0,4251000000.0,,37415000000.0,26859000000.0,15270000000.0,,,,10556000000.0,,0.0,,,,7597000000.0,9149000000.0,69343000000.0,0.0,56239000000.0,12715000000.0,26258680000.0,AAPL
2011-03-31,USD,94904000000.0,45314000000.0,15978000000.0,15978000000.0,930000000.0,11095000000.0,47907000000.0,6241000000.0,,507000000.0,507000000.0,741000000.0,,36533000000.0,13256000000.0,4055000000.0,,33427000000.0,24327000000.0,13714000000.0,,,4272000000.0,9100000000.0,,0.0,,,,7022000000.0,7870000000.0,61477000000.0,0.0,49025000000.0,12326000000.0,26206432000.0,AAPL
2010-12-31,USD,86742000000.0,42203000000.0,10734000000.0,10734000000.0,885000000.0,10874000000.0,42815000000.0,5868000000.0,,522000000.0,522000000.0,741000000.0,,32730000000.0,16243000000.0,3467000000.0,,32076000000.0,23795000000.0,14301000000.0,,,2769000000.0,8281000000.0,,0.0,,,,5953000000.0,7065000000.0,54666000000.0,0.0,43050000000.0,11502000000.0,26128312000.0,AAPL
2010-09-30,USD,75183000000.0,40042000000.0,11261000000.0,11261000000.0,1051000000.0,9924000000.0,33505000000.0,4768000000.0,,342000000.0,342000000.0,741000000.0,,25391000000.0,14359000000.0,3447000000.0,,27392000000.0,20722000000.0,12015000000.0,,,2466000000.0,6670000000.0,,0.0,,,,5723000000.0,5531000000.0,47791000000.0,0.0,37169000000.0,10668000000.0,26128312000.0,AAPL
2010-06-30,USD,64725000000.0,34817000000.0,9705000000.0,9705000000.0,942000000.0,6399000000.0,28692000000.0,3990000000.0,,318000000.0,318000000.0,714000000.0,,21551000000.0,14583000000.0,3188000000.0,,21614000000.0,15612000000.0,8469000000.0,,,1927000000.0,6002000000.0,,0.0,,,,4452000000.0,4981000000.0,43111000000.0,0.0,32870000000.0,10133000000.0,25966108000.0,AAPL
2010-03-31,USD,57057000000.0,31194000000.0,10018000000.0,10018000000.0,638000000.0,2886000000.0,24721000000.0,3504000000.0,,263000000.0,263000000.0,480000000.0,,18549000000.0,13137000000.0,4515000000.0,,17709000000.0,12229000000.0,5666000000.0,,,1829000000.0,5480000000.0,,0.0,,,,4021000000.0,4539000000.0,39348000000.0,0.0,29670000000.0,9553000000.0,25840584000.0,AAPL
2009-12-31,USD,53926000000.0,31920000000.0,7609000000.0,7609000000.0,576000000.0,4881000000.0,20594000000.0,3115000000.0,,241000000.0,241000000.0,253000000.0,,15024000000.0,17187000000.0,1667000000.0,,18158000000.0,13097000000.0,6511000000.0,,,1713000000.0,5061000000.0,,0.0,,,,3996000000.0,4139000000.0,35768000000.0,0.0,26695000000.0,8962000000.0,25753924000.0,AAPL
2009-09-30,USD,53851000000.0,34164000000.0,5263000000.0,5263000000.0,455000000.0,3361000000.0,17586000000.0,2954000000.0,,247000000.0,247000000.0,206000000.0,,10528000000.0,18201000000.0,6884000000.0,,26019000000.0,19282000000.0,5601000000.0,,,1948000000.0,6737000000.0,,0.0,,,,3376000000.0,3502000000.0,27832000000.0,0.0,19538000000.0,8210000000.0,25602472000.0,AAPL
2009-06-30,USD,48140000000.0,33439000000.0,5605000000.0,5605000000.0,380000000.0,2686000000.0,12970000000.0,2653000000.0,,259000000.0,259000000.0,207000000.0,,6899000000.0,18617000000.0,6151000000.0,,22252000000.0,16661000000.0,4854000000.0,,,1280000000.0,5591000000.0,,0.0,,,,3338000000.0,1924000000.0,25888000000.0,0.0,17878000000.0,7957000000.0,25456480000.0,AAPL
2009-03-31,USD,43237000000.0,29307000000.0,4466000000.0,4466000000.0,312000000.0,3036000000.0,9384000000.0,2546000000.0,,268000000.0,268000000.0,207000000.0,,,20547000000.0,946000000.0,,18926000000.0,13751000000.0,3976000000.0,,,1275000000.0,5175000000.0,,,,,,2761000000.0,,24311000000.0,,16653000000.0,7643000000.0,25283804000.0,AAPL
2008-12-31,USD,42787000000.0,33550000000.0,7236000000.0,7236000000.0,396000000.0,2196000000.0,7624000000.0,2580000000.0,,277000000.0,277000000.0,207000000.0,,,18411000000.0,5311000000.0,,19878000000.0,14757000000.0,4715000000.0,,,1390000000.0,5121000000.0,,,,,,3807000000.0,,22909000000.0,,15448000000.0,7392000000.0,25241832000.0,AAPL
2008-09-30,USD,39572000000.0,30837000000.0,11875000000.0,11875000000.0,509000000.0,4704000000.0,4882000000.0,2455000000.0,,285000000.0,285000000.0,207000000.0,,,12615000000.0,1134000000.0,,18542000000.0,14092000000.0,5520000000.0,,,2507000000.0,4450000000.0,,,,,,3719000000.0,,21030000000.0,,13845000000.0,7177000000.0,25241832000.0,AAPL
2008-06-30,USD,31709000000.0,26324000000.0,9373000000.0,9373000000.0,545000000.0,3245000000.0,3711000000.0,2177000000.0,,291000000.0,291000000.0,38000000.0,,,11401000000.0,1760000000.0,,12087000000.0,9218000000.0,3683000000.0,,,1675000000.0,2869000000.0,,,,,,2808000000.0,,19622000000.0,,12714000000.0,6831000000.0,25288676000.0,AAPL
2008-03-31,USD,30471000000.0,25127000000.0,9070000000.0,9070000000.0,364000000.0,3620000000.0,3735000000.0,1962000000.0,,300000000.0,300000000.0,38000000.0,,,10378000000.0,1695000000.0,,12418000000.0,9634000000.0,4154000000.0,,,1743000000.0,2784000000.0,,,,,,3064000000.0,,18053000000.0,,11642000000.0,6342000000.0,25181212000.0,AAPL
2007-12-31,USD,30039000000.0,24779000000.0,9162000000.0,9162000000.0,459000000.0,4422000000.0,3850000000.0,1870000000.0,,311000000.0,311000000.0,38000000.0,,,9286000000.0,1450000000.0,,13235000000.0,10535000000.0,5366000000.0,,,1596000000.0,2700000000.0,,,,,,3074000000.0,,16804000000.0,,10684000000.0,6046000000.0,25201512000.0,AAPL
2007-09-30,USD,25347000000.0,20757000000.0,9352000000.0,9352000000.0,346000000.0,4029000000.0,3391000000.0,1832000000.0,,299000000.0,299000000.0,38000000.0,,,6034000000.0,996000000.0,,10815000000.0,9299000000.0,4970000000.0,,,1805000000.0,1516000000.0,,,,,,2919000000.0,,14532000000.0,,9101000000.0,5368000000.0,25201512000.0,AAPL
2007-06-30,USD,21647000000.0,17617000000.0,7118000000.0,7118000000.0,251000000.0,2901000000.0,2902000000.0,1626000000.0,,237000000.0,237000000.0,38000000.0,,,6649000000.0,698000000.0,,8243000000.0,6992000000.0,3660000000.0,,,1603000000.0,1251000000.0,,,,,,2269000000.0,,13404000000.0,,8199000000.0,5149000000.0,24938788000.0,AAPL
2007-03-31,USD,18711000000.0,14914000000.0,7095000000.0,7095000000.0,208000000.0,1667000000.0,2682000000.0,1409000000.0,,240000000.0,240000000.0,38000000.0,,,5482000000.0,462000000.0,,6450000000.0,5485000000.0,2403000000.0,,,1533000000.0,965000000.0,,,,,,2160000000.0,,12261000000.0,,7381000000.0,4848000000.0,24826284000.0,AAPL
2006-12-31,USD,19461000000.0,15766000000.0,7159000000.0,7159000000.0,303000000.0,3113000000.0,2797000000.0,1362000000.0,,146000000.0,146000000.0,38000000.0,,,4710000000.0,481000000.0,,8233000000.0,7337000000.0,3885000000.0,,,1521000000.0,896000000.0,,,,,,2528000000.0,,11228000000.0,,6611000000.0,4594000000.0,24732316000.0,AAPL
2006-09-30,USD,17205000000.0,13758000000.0,6392000000.0,6392000000.0,270000000.0,2094000000.0,2696000000.0,1281000000.0,,139000000.0,139000000.0,38000000.0,,,3718000000.0,1284000000.0,,7221000000.0,6471000000.0,3390000000.0,,,934000000.0,750000000.0,,,,,,1801000000.0,,9984000000.0,,5607000000.0,4355000000.0,24538304000.0,AAPL
2006-06-30,USD,15114000000.0,11486000000.0,8013000000.0,8013000000.0,213000000.0,1089000000.0,2623000000.0,1197000000.0,,37000000.0,37000000.0,38000000.0,,,1163000000.0,1008000000.0,,5784000000.0,5023000000.0,2513000000.0,,,,761000000.0,,,,,,2510000000.0,,9330000000.0,,5065000000.0,4249000000.0,24538304000.0,AAPL
2006-03-31,USD,13911000000.0,10730000000.0,6346000000.0,6346000000.0,204000000.0,1984000000.0,2625000000.0,1005000000.0,,41000000.0,41000000.0,69000000.0,,,1880000000.0,316000000.0,,5229000000.0,4456000000.0,2108000000.0,,,998000000.0,773000000.0,,,,,,1714000000.0,,8682000000.0,,4673000000.0,4014000000.0,24599036000.0,AAPL
2005-12-31,USD,14181000000.0,11691000000.0,4150000000.0,4150000000.0,244000000.0,2413000000.0,2019000000.0,855000000.0,,24000000.0,24000000.0,69000000.0,,,4557000000.0,327000000.0,,5801000000.0,5060000000.0,2896000000.0,,,615000000.0,741000000.0,,,,,,1534000000.0,,8380000000.0,,4570000000.0,3815000000.0,24477796000.0,AAPL
2005-09-30,USD,11551000000.0,9969000000.0,3491000000.0,3491000000.0,165000000.0,1312000000.0,1251000000.0,817000000.0,,27000000.0,27000000.0,69000000.0,,,4770000000.0,231000000.0,,4085000000.0,3484000000.0,1779000000.0,,,798000000.0,601000000.0,,,,,,1204000000.0,,7466000000.0,,4005000000.0,3521000000.0,24477796000.0,AAPL
2005-06-30,USD,10488000000.0,9042000000.0,3094000000.0,3094000000.0,193000000.0,1101000000.0,1112000000.0,764000000.0,,29000000.0,29000000.0,80000000.0,,,4432000000.0,222000000.0,,3667000000.0,3123000000.0,1530000000.0,,,531000000.0,544000000.0,,,,,,1126000000.0,,6821000000.0,,3575000000.0,3299000000.0,24102484000.0,AAPL
