fiscalDateEnding,reportedCurrency,grossProfit,totalRevenue,costOfRevenue,costofGoodsAndServicesSold,operatingIncome,sellingGeneralAndAdministrative,researchAndDevelopment,operatingExpenses,investmentIncomeNet,netInterestIncome,interestIncome,interestExpense,nonInterestIncome,otherNonOperatingIncome,depreciation,depreciationAndAmortization,incomeBeforeTax,incomeTaxExpense,interestAndDebtExpense,netIncomeFromContinuingOperations,comprehensiveIncomeNetOfTax,ebit,ebitda,netIncome,ticker
2025-06-30,USD,39025000000,47516000000,8491000000,8491000000,20441000000,2663000000,12942000000,18584000000,,-103000000.0,481000000.0,241000000.0,,,,4342000000.0,20534000000,2197000000,,18337000000,,20534000000,24876000000.0,18337000000,META
2025-03-31,USD,34742000000,42314000000,7572000000,7572000000,17555000000,2280000000,12150000000,17187000000,,595000000.0,658000000.0,240000000.0,,,,3900000000.0,18382000000,1738000000,,16644000000,,18622000000,22522000000.0,16644000000,META
2024-12-31,USD,39546000000,48385000000,8839000000,8839000000,23364000000,762000000,12180000000,16182000000,,573000000.0,731000000.0,251000000.0,,,,4460000000.0,23552000000,2714000000,,20838000000,,23803000000,28263000000.0,20838000000,META
2024-09-30,USD,33214000000,40589000000,7375000000,7375000000,17350000000,1865000000,11177000000,15864000000,,461000000.0,661000000.0,208000000.0,,,,4027000000.0,17822000000,2134000000,,15688000000,,18030000000,22057000000.0,15688000000,META
2024-06-30,USD,31763000000,39071000000,7308000000,7308000000,14847000000,3658000000,10537000000,16916000000,,427000000.0,540000000.0,128000000.0,,,,3637000000.0,15106000000,1641000000,,13465000000,,15234000000,18871000000.0,13465000000,META
2024-03-31,USD,29815000000,36455000000,6640000000,6640000000,13818000000,3455000000,9978000000,15997000000,,513000000.0,585000000.0,127000000.0,,,,3374000000.0,14183000000,1814000000,,12369000000,,14310000000,17684000000.0,12369000000,META
2023-12-31,USD,32416000000,40111000000,7695000000,7695000000,16384000000,2289000000,10517000000,16032000000,,484000000.0,588000000.0,424000000.0,,,,3172000000.0,16808000000,2791000000,,14017000000,,16384000000,19556000000.0,14017000000,META
2023-09-30,USD,27936000000,34146000000,6210000000,6210000000,13748000000,2070000000,9241000000,14188000000,,370000000.0,534000000.0,139000000.0,,,,2859000000.0,14020000000,2437000000,,11583000000,,13748000000,16607000000.0,11583000000,META
2023-06-30,USD,26054000000,31999000000,5945000000,5945000000,9392000000,4164000000,9344000000,16662000000,,-99000000.0,323000000.0,116000000.0,,-99000000.0,,2623000000.0,9293000000,1505000000,,7788000000,,9392000000,12015000000.0,7788000000,META
2023-03-31,USD,22537000000,28645000000,6108000000,6108000000,7227000000,2885000000,9381000000,15310000000,,80000000.0,193000000.0,55000000.0,,80000000.0,,2524000000.0,7307000000,1598000000,,5709000000,,7227000000,9751000000.0,5709000000,META
2022-12-31,USD,23829000000,32165000000,8336000000,8336000000,6399000000,3085000000,9771000000,17430000000,,32000000.0,32000000.0,32000000.0,,-249000000.0,,2376000000.0,6149000000,1497000000,,4653000000,,6399000000,8775000000.0,4652000000,META
2022-09-30,USD,21998000000,27714000000,5716000000,5716000000,5664000000,3384000000,9170000000,16334000000,,-88000000.0,77000000.0,77000000.0,,-88000000.0,,2175000000.0,5576000000,1181000000,,4395000000,,5664000000,7839000000.0,4395000000,META
2022-06-30,USD,23630000000,28822000000,5192000000,5192000000,8358000000,2987000000,8690000000,15272000000,,91000000.0,91000000.0,91000000.0,,-172000000.0,,1979000000.0,8186000000,1499000000,,6687000000,,8358000000,10337000000.0,6687000000,META
2022-03-31,USD,21903000000,27908000000,6005000000,6005000000,8524000000,2360000000,7707000000,13379000000,,384000000.0,384000000.0,76000000.0,,384000000.0,,2156000000.0,8908000000,1443000000,,7465000000,,8524000000,10680000000.0,7465000000,META
2021-12-31,USD,27323000000,33671000000,6348000000,6348000000,12585000000,3305000000,7046000000,14738000000,,117000000.0,117000000.0,102000000.0,,118000000.0,,2014000000.0,12702000000,2417000000,,10285000000,,12585000000,14599000000.0,10285000000,META
2021-09-30,USD,23239000000,29010000000,5771000000,5771000000,10423000000,2946000000,6316000000,12816000000,,120000000.0,120000000.0,120000000.0,,142000000.0,,1995000000.0,10565000000,1371000000,,9194000000,,10423000000,12418000000.0,9194000000,META
2021-06-30,USD,23678000000,29077000000,5399000000,5399000000,12367000000,1956000000,6096000000,11311000000,,146000000.0,121000000.0,121000000.0,,146000000.0,,1985000000.0,12513000000,2119000000,,10394000000,,12367000000,14352000000.0,10394000000,META
2021-03-31,USD,21040000000,26171000000,5131000000,5131000000,11378000000,1622000000,5197000000,9662000000,,125000000.0,118000000.0,118000000.0,,125000000.0,,1972000000.0,11503000000,2006000000,,9497000000,,11378000000,13350000000.0,9497000000,META
2020-12-31,USD,22862000000,28072000000,5210000000,5210000000,12775000000,1599000000,5208000000,10087000000,,280000000.0,136000000.0,136000000.0,,280000000.0,,1863000000.0,13055000000,1836000000,,11220000000,,12775000000,14638000000.0,11219000000,META
2020-09-30,USD,17276000000,21470000000,4194000000,4194000000,8040000000,1790000000,4763000000,9236000000,,146000000.0,146000000.0,146000000.0,,93000000.0,,1698000000.0,8133000000,287000000,,7846000000,,8040000000,9738000000.0,7846000000,META
2020-06-30,USD,14858000000,18687000000,3829000000,3829000000,5963000000,1593000000,4462000000,8895000000,,162000000.0,162000000.0,162000000.0,,168000000.0,,1704000000.0,6131000000,953000000,,5178000000,,5963000000,7667000000.0,5178000000,META
2020-03-31,USD,14278000000,17737000000,3459000000,3459000000,5893000000,1583000000,4015000000,8385000000,,228000000.0,228000000.0,228000000.0,,-32000000.0,,1597000000.0,5861000000,959000000,,4902000000,,5893000000,7490000000.0,4902000000,META
2019-12-31,USD,17590000000,21082000000,3492000000,3492000000,8858000000,1829000000,3877000000,8732000000,,229000000.0,249000000.0,229000000.0,,311000000.0,,1468000000.0,9169000000,1820000000,,7349000000,,8858000000,10326000000.0,7349000000,META
2019-09-30,USD,14497000000,17652000000,3155000000,3155000000,7185000000,1348000000,3548000000,7312000000,,258000000.0,258000000.0,258000000.0,,144000000.0,,1416000000.0,7329000000,1238000000,,6091000000,,7185000000,8601000000.0,6091000000,META
2019-06-30,USD,13579000000,16886000000,3307000000,3307000000,4626000000,3224000000,3315000000,8953000000,,219000000.0,219000000.0,219000000.0,,206000000.0,,1502000000.0,4832000000,2216000000,,2616000000,,4626000000,6128000000.0,2616000000,META
2019-03-31,USD,12261000000,15077000000,2816000000,2816000000,3317000000,4064000000,2860000000,8944000000,,198000000.0,198000000.0,198000000.0,,165000000.0,,1355000000.0,3482000000,1053000000,,2429000000,,3317000000,4672000000.0,2429000000,META
2018-12-31,USD,14118000000,16914000000,2796000000,2796000000,7820000000,976000000,2855000000,6298000000,,,,187000000.0,,151000000.0,,1225000000.0,7971000000,1089000000,,6881000000,,7820000000,9045000000.0,6882000000,META
2018-09-30,USD,11309000000,13727000000,2418000000,2418000000,5781000000,943000000,2657000000,5528000000,,,,176000000.0,,131000000.0,,1107000000.0,5912000000,775000000,,5137000000,,5781000000,6888000000.0,5137000000,META
2018-06-30,USD,11017000000,13231000000,2214000000,2214000000,5863000000,776000000,2523000000,5154000000,,,,143000000.0,,5000000.0,,1034000000.0,5868000000,762000000,,5106000000,,5863000000,6897000000.0,5106000000,META
2018-03-31,USD,10039000000,11966000000,1927000000,1927000000,5449000000,757000000,2238000000,4590000000,,,,145000000.0,,161000000.0,,949000000.0,5610000000,622000000,,4988000000,,5449000000,6398000000.0,4988000000,META
2017-12-31,USD,11361000000,12972000000,1611000000,1611000000,7352000000,686000000,1949000000,4009000000,,,,126000000.0,,109000000.0,,853000000.0,7462000000,3194000000,,4269000000,,7352000000,8205000000.0,4268000000,META
2017-09-30,USD,8880000000,10328000000,1448000000,1448000000,5122000000,536000000,2052000000,3758000000,,,,108000000.0,,114000000.0,,773000000.0,5236000000,529000000,,4707000000,,5122000000,5895000000.0,4707000000,META
2017-06-30,USD,8084000000,9321000000,1237000000,1237000000,4401000000,640000000,1919000000,3683000000,,,,91000000.0,,87000000.0,,728000000.0,4488000000,594000000,,3894000000,,4401000000,5129000000.0,3894000000,META
2017-03-31,USD,6873000000,8032000000,1159000000,1159000000,3327000000,655000000,1834000000,3546000000,,,,67000000.0,,81000000.0,,671000000.0,3408000000,344000000,,3064000000,,3327000000,3998000000.0,3064000000,META
2016-12-31,USD,7762000000,8809000000,1047000000,1047000000,4566000000,515000000,1563000000,3196000000,,,,56000000.0,,-32000000.0,,614000000.0,4533000000,965000000,,4273000000,,4566000000,5180000000.0,3568000000,META
2016-09-30,USD,6024000000,7011000000,987000000,987000000,3122000000,438000000,1539000000,2902000000,,,,50000000.0,,47000000.0,,591000000.0,3169000000,790000000,,2379000000,,3122000000,3713000000.0,2379000000,META
2016-06-30,USD,5520000000,6436000000,916000000,916000000,2746000000,412000000,1463000000,2774000000,,,,32000000.0,,20000000.0,,585000000.0,2766000000,711000000,,2055000000,,2746000000,3331000000.0,2055000000,META
2016-03-31,USD,4544000000,5382000000,838000000,838000000,2009000000,366000000,1343000000,2535000000,,,,27000000.0,,56000000.0,,552000000.0,2065000000,555000000,,1505000000,,2009000000,2561000000.0,1510000000,META
2015-12-31,USD,5017000000,5841000000,824000000,824000000,2560000000,371000000,1314000000,2457000000,,,,14000000.0,,-3000000.0,,543000000.0,2557000000,995000000,,1561000000,,2560000000,3103000000.0,1562000000,META
2015-09-30,USD,3781000000,4501000000,720000000,720000000,1459000000,345000000,1271000000,2322000000,,,,7000000.0,,-27000000.0,,486000000.0,1432000000,536000000,,896000000,,1459000000,1945000000.0,896000000,META
2015-06-30,USD,3374000000,4042000000,668000000,668000000,1273000000,305000000,1170000000,2101000000,,,,5000000.0,,,,459000000.0,1273000000,554000000,,719000000,,1273000000,1732000000.0,719000000,META
2015-03-31,USD,2889000000,3543000000,654000000,654000000,933000000,274000000,1062000000,1956000000,,,,2000000.0,,-1000000.0,,457000000.0,932000000,420000000,,512000000,,933000000,1390000000.0,512000000,META
2014-12-31,USD,3198000000,3851000000,653000000,653000000,1133000000,330000000,1111000000,2065000000,,,,23000000.0,,-19000000.0,,433000000.0,1114000000,413000000,,701000000,,1133000000,1566000000.0,701000000,META
2014-09-30,USD,2638000000,3203000000,565000000,565000000,1397000000,259000000,608000000,1241000000,,,,4000000.0,,-61000000.0,,289000000.0,1336000000,530000000,,806000000,,1397000000,1686000000.0,806000000,META
2014-06-30,USD,2437000000,2910000000,473000000,473000000,1390000000,197000000,492000000,1047000000,,,,4000000.0,,-4000000.0,,257000000.0,1386000000,595000000,,791000000,,1390000000,1647000000.0,791000000,META
2014-03-31,USD,2040000000,2502000000,462000000,462000000,1075000000,187000000,455000000,965000000,,,,19000000.0,,,,264000000.0,1075000000,433000000,,642000000,,1075000000,1339000000.0,642000000,META
2013-12-31,USD,2094000000,2585000000,491000000,491000000,1133000000,261000000,408000000,961000000,,,,7000000.0,,3000000.0,,274000000.0,1130000000,607000000,,523000000,,1133000000,1407000000.0,523000000,META
2013-09-30,USD,1509000000,2016000000,507000000,507000000,736000000,171000000,369000000,773000000,,,,21000000.0,,11000000.0,,274000000.0,726000000,301000000,,425000000,,736000000,1010000000.0,425000000,META
2013-06-30,USD,1348000000,1813000000,465000000,465000000,562000000,173000000,344000000,786000000,,,,14000000.0,,-3000000.0,,230000000.0,545000000,212000000,,333000000,,562000000,792000000.0,333000000,META
2013-03-31,USD,1045000000,1458000000,413000000,413000000,373000000,176000000,293000000,672000000,,,,15000000.0,,-5000000.0,,241000000.0,353000000,134000000,,219000000,,373000000,614000000.0,219000000,META
2012-12-31,USD,1187000000,1585000000,398000000,398000000,523000000,174000000,297000000,664000000,,,,16000000.0,,,,224000000.0,505000000,441000000,,0,,523000000,747000000.0,64000000,META
2012-09-30,USD,940000000,1262000000,322000000,322000000,377000000,151000000,244000000,563000000,,,,11000000.0,,6000000.0,,176000000.0,372000000,431000000,,-59000000,,377000000,553000000.0,-59000000,META
2012-06-30,USD,817000000,1184000000,367000000,367000000,-743000000,463000000,705000000,1560000000,,,,10000000.0,,-12000000.0,,139000000.0,-765000000,-608000000,,-157000000,,-743000000,-604000000.0,-157000000,META
2012-03-31,USD,781000000,1058000000,277000000,277000000,381000000,88000000,153000000,400000000,,,,13000000.0,,,,110000000.0,382000000,177000000,,0,,381000000,491000000.0,205000000,META
2011-12-31,USD,884000000,1131000000,247000000,247000000,547000000,58000000,124000000,337000000,,,,16000000.0,,,,103000000.0,519000000,217000000,,0,,547000000,650000000.0,302000000,META
2011-09-30,USD,718000000,954000000,236000000,236000000,414000000,82000000,108000000,304000000,,,,10000000.0,,,,97000000.0,379000000,152000000,,0,,414000000,511000000.0,227000000,META
2011-06-30,USD,685000000,895000000,210000000,210000000,407000000,83000000,99000000,278000000,,,,9000000.0,,,,72000000.0,399000000,159000000,,0,,407000000,479000000.0,240000000,META
2011-03-31,USD,564000000,731000000,167000000,167000000,388000000,51000000,57000000,176000000,,,,7000000.0,,,,51000000.0,398000000,165000000,,0,,388000000,439000000.0,233000000,META
2010-12-31,USD,1620000000,730000000,151000000,151000000,435000000,144000000,46000000,0,,,,22000000.0,,,,,1008000000,402000000,,0,,435000000,,251000000,META
2010-09-30,USD,0,467000000,131000000,131000000,216000000,120000000,41000000,0,,,,0.0,,,,,0,0,,0,,216000000,,131000000,META
2010-06-30,USD,0,432000000,111000000,111000000,219000000,102000000,32000000,0,,,,0.0,,,,,0,0,,0,,219000000,,129000000,META
2010-03-31,USD,0,345000000,100000000,100000000,162000000,83000000,25000000,0,,,,0.0,,,,,0,0,,0,,162000000,,95000000,META
2025-06-30,USD,43718000000,94036000000,50318000000,50318000000,28202000000,6650000000,8866000000,15516000000,,,,,,,,2830000000.0,28031000000,4597000000,,23434000000,,28202000000,31032000000.0,23434000000,AAPL
2025-03-31,USD,44867000000,95359000000,50492000000,50492000000,29589000000,6728000000,8550000000,15278000000,,,,,,,,2661000000.0,29310000000,4530000000,,24780000000,,29589000000,32250000000.0,24780000000,AAPL
2024-12-31,USD,58275000000,124300000000,66025000000,66025000000,42832000000,7175000000,8268000000,15443000000,,,,,,,,3080000000.0,42584000000,6254000000,,36330000000,,42832000000,45912000000.0,36330000000,AAPL
2024-09-30,USD,43879000000,94930000000,51051000000,51051000000,29591000000,6523000000,7765000000,14288000000,,,,,,,,2911000000.0,29610000000,14874000000,,14736000000,,29591000000,32502000000.0,14736000000,AAPL
2024-06-30,USD,39678000000,85777000000,46099000000,46099000000,25352000000,6320000000,8006000000,14326000000,,,,,,,,2850000000.0,25494000000,4046000000,,21448000000,,25352000000,28202000000.0,21448000000,AAPL
2024-03-31,USD,42271000000,90753000000,48482000000,48482000000,27900000000,6468000000,7903000000,14213000000,,,,,,,,2836000000.0,28058000000,4422000000,,23636000000,,27900000000,30736000000.0,23636000000,AAPL
2023-12-31,USD,54855000000,119575000000,64720000000,64720000000,40373000000,6786000000,7696000000,14532000000,,,,1002000000.0,,,,2848000000.0,40323000000,6407000000,,33916000000,,40373000000,43221000000.0,33916000000,AAPL
2023-09-30,USD,40427000000,89498000000,49071000000,49071000000,26969000000,6151000000,7307000000,13411000000,,-18000000.0,984000000.0,1002000000.0,,565000000.0,,2653000000.0,26998000000,4042000000,,22956000000,,26969000000,29622000000.0,22956000000,AAPL
2023-06-30,USD,36413000000,81797000000,45384000000,45384000000,22998000000,5973000000,7442000000,13415000000,,-18000000.0,980000000.0,998000000.0,,-265000000.0,,3052000000.0,22733000000,2852000000,,19881000000,,22998000000,26050000000.0,19881000000,AAPL
2023-03-31,USD,41976000000,94836000000,52860000000,52860000000,28318000000,6201000000,7457000000,13594000000,,-12000000.0,918000000.0,930000000.0,,64000000.0,,2898000000.0,28382000000,4222000000,,24160000000,,28318000000,31216000000.0,24160000000,AAPL
2022-12-31,USD,50332000000,117154000000,66822000000,66822000000,36016000000,6607000000,7709000000,14709000000,,-135000000.0,868000000.0,1003000000.0,,-393000000.0,,2916000000.0,35623000000,5625000000,,29998000000,,36016000000,38932000000.0,29998000000,AAPL
2022-09-30,USD,38095000000,90146000000,52051000000,52051000000,24894000000,6440000000,6761000000,13201000000,,-74000000.0,753000000.0,827000000.0,,237000000.0,,2865000000.0,24657000000,3936000000,,20721000000,,25484000000,28349000000.0,20721000000,AAPL
2022-06-30,USD,35885000000,82959000000,47074000000,47074000000,23076000000,6012000000,6797000000,12809000000,,3000000.0,722000000.0,719000000.0,,10000000.0,,2805000000.0,23066000000,3624000000,,19442000000,,23785000000,26590000000.0,19442000000,AAPL
2022-03-31,USD,42559000000,97278000000,54719000000,54719000000,29979000000,6193000000,6387000000,12580000000,,9000000.0,700000000.0,691000000.0,,160000000.0,,2737000000.0,30139000000,5129000000,,25010000000,,30830000000,33567000000.0,25010000000,AAPL
2021-12-31,USD,54243000000,123945000000,69702000000,69702000000,41488000000,6449000000,6306000000,12755000000,,-44000000.0,650000000.0,694000000.0,,247000000.0,,2697000000.0,41241000000,6611000000,,34630000000,,41935000000,44632000000.0,34630000000,AAPL
2021-09-30,USD,35174000000,83360000000,48186000000,48186000000,23786000000,5616000000,5772000000,11388000000,,-13000000.0,659000000.0,672000000.0,,538000000.0,,2989000000.0,23248000000,2697000000,,20551000000,,23920000000,26909000000.0,20551000000,AAPL
2021-06-30,USD,35255000000,81434000000,46179000000,46179000000,24126000000,5412000000,5717000000,11129000000,,54000000.0,719000000.0,665000000.0,,243000000.0,,2832000000.0,24369000000,2625000000,,21744000000,,25034000000,27866000000.0,21744000000,AAPL
2021-03-31,USD,38079000000,89584000000,51505000000,51505000000,27503000000,5314000000,5262000000,10576000000,,48000000.0,718000000.0,670000000.0,,508000000.0,,2797000000.0,28011000000,4381000000,,23630000000,,28681000000,31478000000.0,23630000000,AAPL
2020-12-31,USD,44328000000,111439000000,67111000000,67111000000,33534000000,5631000000,5163000000,10794000000,,109000000.0,747000000.0,638000000.0,,45000000.0,,2666000000.0,33579000000,4824000000,,28755000000,,34217000000,36883000000.0,28755000000,AAPL
2020-09-30,USD,24689000000,64698000000,40009000000,40009000000,14775000000,4936000000,4978000000,9914000000,,134000000.0,134000000.0,634000000.0,,126000000.0,,2702000000.0,14901000000,2228000000,,12673000000,,15535000000,18237000000.0,12673000000,AAPL
2020-06-30,USD,22680000000,59685000000,37005000000,37005000000,13091000000,4831000000,4758000000,9589000000,,204000000.0,901000000.0,697000000.0,,46000000.0,,2752000000.0,13137000000,1884000000,,11253000000,,13834000000,16586000000.0,11253000000,AAPL
2020-03-31,USD,22370000000,58313000000,35943000000,35943000000,12853000000,4952000000,4565000000,9517000000,,292000000.0,1049000000.0,757000000.0,,282000000.0,,2786000000.0,13135000000,1886000000,,11249000000,,13892000000,16678000000.0,11249000000,AAPL
2019-12-31,USD,35217000000,91819000000,56602000000,56602000000,25569000000,5197000000,4451000000,9648000000,,260000000.0,1045000000.0,785000000.0,,349000000.0,,2816000000.0,25918000000,3682000000,,22236000000,,26703000000,29519000000.0,22236000000,AAPL
2019-09-30,USD,24313000000,64040000000,39727000000,39727000000,15625000000,4578000000,4110000000,8688000000,,296000000.0,1106000000.0,810000000.0,,502000000.0,,3179000000.0,16127000000,2441000000,,13686000000,,16937000000,20116000000.0,13686000000,AAPL
2019-06-30,USD,20227000000,53809000000,33582000000,33582000000,11544000000,4426000000,4257000000,8683000000,,324000000.0,1190000000.0,866000000.0,,367000000.0,,2933000000.0,11911000000,1867000000,,10044000000,,12777000000,15710000000.0,10044000000,AAPL
2019-03-31,USD,21821000000,58015000000,36194000000,36194000000,13415000000,4458000000,3948000000,8406000000,,348000000.0,1358000000.0,1010000000.0,,378000000.0,,3040000000.0,13793000000,2232000000,,11561000000,,14803000000,17843000000.0,11561000000,AAPL
2018-12-31,USD,32031000000,84310000000,52279000000,52279000000,23346000000,4783000000,3902000000,8685000000,,,,890000000.0,,560000000.0,,3395000000.0,23906000000,3941000000,,19965000000,,24796000000,28191000000.0,19965000000,AAPL
2018-09-30,USD,24084000000,62900000000,38816000000,38816000000,16118000000,4216000000,3750000000,7966000000,,,,868000000.0,,303000000.0,,2754000000.0,16421000000,2296000000,,14125000000,,17289000000,20043000000.0,14125000000,AAPL
2018-06-30,USD,20421000000,53265000000,32844000000,32844000000,12612000000,4108000000,3701000000,7809000000,,,,846000000.0,,672000000.0,,2665000000.0,13284000000,1765000000,,11519000000,,14130000000,16795000000.0,11519000000,AAPL
2018-03-31,USD,23422000000,61137000000,37715000000,37715000000,15894000000,4150000000,3378000000,7528000000,,,,792000000.0,,274000000.0,,2739000000.0,16168000000,2346000000,,13822000000,,16960000000,19699000000.0,13822000000,AAPL
2017-12-31,USD,33912000000,88293000000,54381000000,54381000000,26274000000,4231000000,3407000000,7638000000,,,,734000000.0,,756000000.0,,2745000000.0,27030000000,6965000000,,20065000000,,27764000000,30509000000.0,20065000000,AAPL
2017-09-30,USD,19931000000,52579000000,32648000000,32648000000,13120000000,3814000000,2997000000,6811000000,,,,666000000.0,,797000000.0,,2484000000.0,13917000000,3203000000,,10714000000,,14583000000,17067000000.0,10714000000,AAPL
2017-06-30,USD,17488000000,45408000000,27920000000,27920000000,10768000000,3783000000,2937000000,6720000000,,,,602000000.0,,540000000.0,,2354000000.0,11308000000,2591000000,,8717000000,,11910000000,14264000000.0,8717000000,AAPL
2017-03-31,USD,20591000000,52896000000,32305000000,32305000000,14097000000,3718000000,2776000000,6494000000,,,,530000000.0,,587000000.0,,2332000000.0,14684000000,3655000000,,11029000000,,15214000000,17546000000.0,11029000000,AAPL
2016-12-31,USD,30176000000,78351000000,48175000000,48175000000,23359000000,3946000000,2871000000,6817000000,,,,525000000.0,,821000000.0,,2987000000.0,24180000000,6289000000,,17891000000,,24705000000,27692000000.0,17891000000,AAPL
2016-09-30,USD,17813000000,46852000000,29039000000,29039000000,11761000000,3482000000,2570000000,6052000000,,,,450000000.0,,427000000.0,,2548000000.0,12188000000,3174000000,,9014000000,,12638000000,15186000000.0,9014000000,AAPL
2016-06-30,USD,16106000000,42358000000,26252000000,26252000000,10105000000,3441000000,2560000000,6001000000,,,,409000000.0,,364000000.0,,2526000000.0,10469000000,2673000000,,7796000000,,10878000000,13404000000.0,7796000000,AAPL
2016-03-31,USD,19921000000,50557000000,30636000000,30636000000,13987000000,3423000000,2511000000,5934000000,,,,321000000.0,,155000000.0,,2477000000.0,14142000000,3626000000,,10516000000,,14463000000,16940000000.0,10516000000,AAPL
2015-12-31,USD,30423000000,75872000000,45449000000,45449000000,24171000000,3848000000,2404000000,6252000000,,,,276000000.0,,402000000.0,,2954000000.0,24573000000,6212000000,,18361000000,,24849000000,27803000000.0,18361000000,AAPL
2015-09-30,USD,20548000000,51501000000,30953000000,30953000000,14623000000,3705000000,2220000000,5925000000,,,,238000000.0,,439000000.0,,3119000000.0,15062000000,3938000000,,11124000000,,15300000000,18419000000.0,11124000000,AAPL
2015-06-30,USD,19681000000,49605000000,29924000000,29924000000,14083000000,3564000000,2034000000,5598000000,,,,201000000.0,,390000000.0,,3084000000.0,14473000000,3796000000,,10677000000,,14674000000,17758000000.0,10677000000,AAPL
2015-03-31,USD,23656000000,58010000000,34354000000,34354000000,18278000000,3460000000,1918000000,5378000000,,,,163000000.0,,286000000.0,,2479000000.0,18564000000,4995000000,,13569000000,,18727000000,21206000000.0,13569000000,AAPL
2014-12-31,USD,29741000000,74599000000,44858000000,44858000000,24246000000,3600000000,1895000000,5495000000,,,,131000000.0,,170000000.0,,2575000000.0,24416000000,6392000000,,18024000000,,24547000000,27122000000.0,18024000000,AAPL
2014-09-30,USD,16009000000,42123000000,26114000000,26114000000,11165000000,1958000000,1686000000,4844000000,,,,115000000.0,,307000000.0,,1969000000.0,11472000000,3005000000,,8467000000,,11587000000,13556000000.0,8467000000,AAPL
2014-06-30,USD,14735000000,37432000000,22697000000,22697000000,10282000000,2850000000,1603000000,4453000000,,,,100000000.0,,202000000.0,,1946000000.0,10484000000,2736000000,,7748000000,,10584000000,12530000000.0,7748000000,AAPL
2014-03-31,USD,17947000000,45646000000,27699000000,27699000000,13593000000,2932000000,1422000000,4354000000,,,,85000000.0,,225000000.0,,1887000000.0,13818000000,3595000000,,10223000000,,13903000000,15790000000.0,10223000000,AAPL
2013-12-31,USD,21846000000,57594000000,35748000000,35748000000,17463000000,3053000000,1330000000,4383000000,,,,84000000.0,,246000000.0,,2144000000.0,17709000000,4637000000,,13072000000,,17793000000,19937000000.0,13072000000,AAPL
2013-09-30,USD,13871000000,37472000000,23601000000,23601000000,10030000000,1573000000,1168000000,3841000000,,,,83000000.0,,113000000.0,,1783000000.0,10143000000,2631000000,,7512000000,,10226000000,12009000000.0,7512000000,AAPL
2013-06-30,USD,13024000000,35323000000,22299000000,22299000000,9201000000,2645000000,1178000000,3823000000,,,,53000000.0,,234000000.0,,1694000000.0,9435000000,2535000000,,6900000000,,9488000000,11182000000.0,6900000000,AAPL
2013-03-31,USD,16349000000,43603000000,27254000000,27254000000,12558000000,2672000000,1119000000,3791000000,,,,347000000.0,,347000000.0,,1692000000.0,12905000000,3358000000,,9547000000,,12905000000,14597000000.0,9547000000,AAPL
2012-12-31,USD,21060000000,54512000000,33452000000,33452000000,17210000000,2840000000,1010000000,3850000000,,,,462000000.0,,462000000.0,,1588000000.0,17672000000,4594000000,,13078000000,,17672000000,19260000000.0,13078000000,AAPL
2012-09-30,USD,14401000000,35966000000,21565000000,21565000000,10944000000,1551000000,906000000,3457000000,,,,51000000.0,,-51000000.0,,981000000.0,10893000000,2670000000,,8223000000,,10944000000,11925000000.0,8223000000,AAPL
2012-06-30,USD,14994000000,35023000000,20029000000,20029000000,11573000000,2545000000,876000000,3421000000,,,,288000000.0,,288000000.0,,835000000.0,11861000000,3037000000,,8824000000,,11861000000,12696000000.0,8824000000,AAPL
2012-03-31,USD,18564000000,39186000000,20622000000,20622000000,15384000000,2339000000,841000000,3180000000,,,,148000000.0,,148000000.0,,740000000.0,15532000000,3910000000,,11622000000,,15384000000,16124000000.0,11622000000,AAPL
2011-12-31,USD,20703000000,46333000000,25630000000,25630000000,17340000000,2605000000,758000000,3363000000,,,,137000000.0,,137000000.0,,721000000.0,17477000000,4413000000,,13064000000,,17340000000,18061000000.0,13064000000,AAPL
2011-09-30,USD,11380000000,28270000000,16890000000,16890000000,8710000000,2025000000,645000000,2670000000,,,,81000000.0,,81000000.0,,543000000.0,8791000000,2168000000,,6623000000,,8710000000,9253000000.0,6623000000,AAPL
2011-06-30,USD,11922000000,28571000000,16649000000,16649000000,9379000000,1915000000,628000000,2543000000,,,,172000000.0,,172000000.0,,481000000.0,9551000000,2243000000,,7308000000,,9379000000,9860000000.0,7308000000,AAPL
2011-03-31,USD,10218000000,24667000000,14449000000,14449000000,7874000000,1763000000,581000000,2344000000,,,,26000000.0,,26000000.0,,434000000.0,7900000000,1913000000,,5987000000,,7874000000,8308000000.0,5987000000,AAPL
2010-12-31,USD,10298000000,26741000000,16443000000,16443000000,7827000000,1896000000,575000000,2471000000,,,,136000000.0,,136000000.0,,356000000.0,7963000000,1959000000,,6004000000,,7827000000,8183000000.0,6004000000,AAPL
2010-09-30,USD,7512000000,20343000000,12831000000,12831000000,5447000000,1571000000,494000000,2065000000,,,,14000000.0,,14000000.0,,329000000.0,5461000000,1153000000,,4308000000,,5447000000,5776000000.0,4308000000,AAPL
2010-06-30,USD,6136000000,15700000000,9564000000,9564000000,4234000000,1438000000,464000000,1902000000,,,,58000000.0,,58000000.0,,273000000.0,4292000000,1039000000,,3253000000,,4234000000,4507000000.0,3253000000,AAPL
2010-03-31,USD,5625000000,13499000000,7874000000,7874000000,3979000000,1220000000,426000000,1646000000,,,,266000000.0,,50000000.0,,216000000.0,4029000000,955000000,,3074000000,,3979000000,4195000000.0,3074000000,AAPL
2009-12-31,USD,6411000000,15683000000,9272000000,9272000000,4725000000,1288000000,398000000,1686000000,,,,33000000.0,,33000000.0,,209000000.0,4758000000,1380000000,,3378000000,,4725000000,4934000000.0,3378000000,AAPL
2009-09-30,USD,3614000000,9870000000,6256000000,6256000000,2193000000,1063000000,358000000,1421000000,,,,45000000.0,,,,197000000.0,2238000000,573000000,,0,,2193000000,2390000000.0,1665000000,AAPL
2009-06-30,USD,3983000000,9734000000,5751000000,5751000000,2632000000,1010000000,341000000,1351000000,,,,236000000.0,,60000000.0,,182000000.0,2692000000,864000000,,1229000000,,2632000000,2814000000.0,1828000000,AAPL
2009-03-31,USD,3627000000,9084000000,5457000000,5457000000,2323000000,985000000,319000000,1304000000,,,,63000000.0,,,,181000000.0,2386000000,766000000,,0,,2323000000,2504000000.0,1620000000,AAPL
2008-12-31,USD,4507000000,11880000000,7373000000,7373000000,3101000000,1091000000,315000000,1406000000,,,,158000000.0,,,,168000000.0,3259000000,1004000000,,0,,3101000000,3269000000.0,2255000000,AAPL
2008-09-30,USD,2739000000,7895000000,5156000000,5156000000,1442000000,999000000,298000000,1297000000,,,,140000000.0,,,,134000000.0,1582000000,446000000,,0,,1442000000,1576000000.0,1136000000,AAPL
2008-06-30,USD,2600000000,7464000000,4864000000,4864000000,1392000000,916000000,292000000,1208000000,,,,118000000.0,,,,117000000.0,1510000000,438000000,,0,,1392000000,1509000000.0,1072000000,AAPL
2008-03-31,USD,2474000000,7512000000,5038000000,5038000000,1315000000,886000000,273000000,1159000000,,,,162000000.0,,,,116000000.0,1477000000,432000000,,0,,1315000000,1431000000.0,1045000000,AAPL
2007-12-31,USD,3332000000,9608000000,6276000000,6276000000,2126000000,960000000,246000000,1206000000,,,,200000000.0,,,,106000000.0,2326000000,745000000,,0,,2126000000,2232000000.0,1581000000,AAPL
2007-09-30,USD,2090000000,6217000000,4127000000,4127000000,1060000000,823000000,207000000,1030000000,,,,170000000.0,,,,93000000.0,1230000000,326000000,,0,,1060000000,1153000000.0,904000000,AAPL
2007-06-30,USD,1995000000,5410000000,3415000000,3415000000,1041000000,746000000,208000000,954000000,,,,155000000.0,,,,81000000.0,1196000000,378000000,,0,,1041000000,1122000000.0,818000000,AAPL
2007-03-31,USD,1849000000,5264000000,3415000000,3415000000,986000000,680000000,183000000,863000000,,,,148000000.0,,,,69000000.0,1134000000,364000000,,0,,986000000,1055000000.0,770000000,AAPL
2006-12-31,USD,2220000000,7115000000,4895000000,4895000000,1322000000,714000000,184000000,898000000,,,,126000000.0,,,,74000000.0,1448000000,444000000,,0,,1322000000,1396000000.0,1004000000,AAPL
2006-09-30,USD,1412000000,4370000000,3425000000,3425000000,608000000,584000000,179000000,804000000,,,,252000000.0,,,,66000000.0,721000000,179000000,,0,,661000000,718000000.0,542000000,AAPL
2006-06-30,USD,1325000000,4370000000,3045000000,3045000000,566000000,584000000,175000000,759000000,,,,0.0,,,,57000000.0,661000000,189000000,,0,,566000000,623000000.0,472000000,AAPL
2006-03-31,USD,1297000000,4359000000,3062000000,3062000000,529000000,592000000,176000000,768000000,,,,76000000.0,,,,50000000.0,605000000,195000000,,0,,529000000,579000000.0,410000000,AAPL
2005-12-31,USD,1564000000,5749000000,4185000000,4185000000,750000000,632000000,182000000,814000000,,,,81000000.0,,,,52000000.0,831000000,266000000,,0,,750000000,802000000.0,565000000,AAPL
2005-09-30,USD,1035000000,3678000000,2643000000,2643000000,418000000,470000000,147000000,617000000,,,,60000000.0,,,,51000000.0,478000000,48000000,,0,,418000000,469000000.0,430000000,AAPL
2005-06-30,USD,1044000000,3520000000,2476000000,2476000000,426000000,472000000,145000000,618000000,,,,46000000.0,,,,46000000.0,472000000,153000000,,0,,426000000,472000000.0,319000000,AAPL
