fiscalDateEnding,reportedCurrency,operatingCashflow,paymentsForOperatingActivities,proceedsFromOperatingActivities,changeInOperatingLiabilities,changeInOperatingAssets,depreciationDepletionAndAmortization,capitalExpenditures,changeInReceivables,changeInInventory,profitLoss,cashflowFromInvestment,cashflowFromFinancing,proceedsFromRepaymentsOfShortTermDebt,paymentsForRepurchaseOfCommonStock,paymentsForRepurchaseOfEquity,paymentsForRepurchaseOfPreferredStock,dividendPayout,dividendPayoutCommonStock,dividendPayoutPreferredStock,proceedsFromIssuanceOfCommonStock,proceedsFromIssuanceOfLongTermDebtAndCapitalSecuritiesNet,proceedsFromIssuanceOfPreferredStock,proceedsFromRepurchaseOfEquity,proceedsFromSaleOfTreasuryStock,changeInCashAndCashEquivalents,changeInExchangeRate,netIncome,ticker
2025-06-30,USD,25561000000.0,,,,,4342000000.0,16538000000,,,,-25958000000.0,-15977000000.0,,,,,1327000000.0,1327000000.0,,,,,-10167000000.0,,,,18337000000,META
2025-03-31,USD,24026000000.0,,,,,3900000000.0,12941000000,,,,-20010000000.0,-19495000000.0,,,,,1329000000.0,1329000000.0,,,,,-12754000000.0,,,,16644000000,META
2024-12-31,USD,27988000000.0,,,,,4460000000.0,14425000000,,,,-21498000000.0,-5465000000.0,,,,,1270000000.0,1270000000.0,,,,,-3857000000.0,,,,20838000000,META
2024-09-30,USD,24724000000.0,,,,,4027000000.0,8258000000,,,,-8620000000.0,-4371000000.0,,,,,1263000000.0,1263000000.0,,,,,-8818000000.0,,,,15688000000,META
2024-06-30,USD,19370000000.0,,,,,3637000000.0,8173000000,,,,-8298000000.0,-11178000000.0,,,,,1266000000.0,1266000000.0,,,,,-6299000000.0,,,,13465000000,META
2024-03-31,USD,19246000000.0,,,,,3374000000.0,6400000000,,,,-8734000000.0,-19767000000.0,,,,,1273000000.0,1273000000.0,,,,,-15008000000.0,,,,12369000000,META
2023-12-31,USD,19404000000.0,,,,,3172000000.0,7665000000,,-1270000000.0,,-6472000000.0,-8401000000.0,,,,,,,,,,,-5942000000.0,,,,14017000000,META
2023-09-30,USD,20402000000.0,,,,,2859000000.0,6543000000,,,,-6077000000.0,-5875000000.0,,,,,0.0,0.0,,,,,-3569000000.0,,,,11583000000,META
2023-06-30,USD,17309000000.0,,,,,2623000000.0,6216000000,-1424000000.0,,,-5203000000.0,5292000000.0,,,,,,,,,,,-898000000.0,,17398000000.0,,7788000000,META
2023-03-31,USD,13998000000.0,,,,,2524000000.0,6842000000,2546000000.0,,,-6743000000.0,-10516000000.0,,,,,0.0,0.0,,,,,-9365000000.0,,-3261000000.0,,5709000000,META
2022-12-31,USD,14511000000.0,,,,,2376000000.0,9043000000,-1699000000.0,,,-7531000000.0,-7059000000.0,,,,,,,,,,,-6863000000.0,,-80000000.0,,4652000000,META
2022-09-30,USD,9691000000.0,,,,,2175000000.0,9375000000,-105000000.0,701000000.0,,-9701000000.0,2147000000.0,,,,,,,,,,,-6354000000.0,,2138000000.0,,4395000000,META
2022-06-30,USD,12197000000.0,,,,,1979000000.0,7572000000,-522000000.0,705000000.0,,-6959000000.0,-6563000000.0,,,,,,,,,,,-5233000000.0,,-1326000000.0,,6687000000,META
2022-03-31,USD,14076000000.0,,,,,2156000000.0,5441000000,2557000000.0,1118000000.0,,-4779000000.0,-10660000000.0,,,,,,,,,,,-9506000000.0,,-1363000000.0,,7465000000,META
2021-12-31,USD,18104000000.0,,,,,2014000000.0,5370000000,-2038000000.0,3679000000.0,,5829000000.0,-21742000000.0,,,,,,,,,,,-20061000000.0,,2191000000.0,,10285000000,META
2021-09-30,USD,14091000000.0,,,,,1995000000.0,4313000000,-555000000.0,1165000000.0,,-330000000.0,-15253000000.0,,,,,,,,,,,-13458000000.0,,-1492000000.0,,9194000000,META
2021-06-30,USD,13246000000.0,,,,,1985000000.0,4612000000,-1366000000.0,-642000000.0,,-8195000000.0,-8548000000.0,,,,,,,,,,,-7079000000.0,,-3497000000.0,,10394000000,META
2021-03-31,USD,12242000000.0,,,,,1972000000.0,4272000000,849000000.0,-2014000000.0,,-4874000000.0,-5185000000.0,,,,,,,,,,,-3939000000.0,,2183000000.0,,9497000000,META
2020-12-31,USD,14040000000.0,,,,,1863000000.0,4613000000,-3059000000.0,2607000000.0,,-5173000000.0,-3206000000.0,,,,,,,,,,,-1929000000.0,,5660000000.0,,11219000000,META
2020-09-30,USD,9828000000.0,,,,,1698000000.0,3689000000,-377000000.0,187000000.0,,-16599000000.0,-2912000000.0,,,,,,,,,,,-1725000000.0,,-9681000000.0,,7846000000,META
2020-06-30,USD,3878000000.0,,,,,1704000000.0,3255000000,-122000000.0,-4793000000.0,,-4177000000.0,-2152000000.0,,,,,,,,,,,-1368000000.0,,-2453000000.0,,5178000000,META
2020-03-31,USD,11001000000.0,,,,,1597000000.0,3558000000,2046000000.0,698000000.0,,-4109000000.0,-2022000000.0,,,,,,,,,,,-1250000000.0,,4870000000.0,,4902000000,META
2019-12-31,USD,9083000000.0,,,,,1468000000.0,4100000000,-1697000000.0,938000000.0,,-4036000000.0,-2026000000.0,,,,,,,,,,,-1296000000.0,,3021000000.0,,7349000000,META
2019-09-30,USD,9307000000.0,,,,,1416000000.0,3532000000,-328000000.0,1733000000.0,,-5050000000.0,-2019000000.0,,,,,,,,,,,-1148000000.0,,2238000000.0,,6091000000,META
2019-06-30,USD,8615000000.0,,,,,1502000000.0,3633000000,-1006000000.0,4648000000.0,,-4010000000.0,-1831000000.0,,,,,,,,,,,-1145000000.0,,2775000000.0,,2616000000,META
2019-03-31,USD,9308000000.0,,,,,1355000000.0,3837000000,1070000000.0,4545000000.0,,-6768000000.0,-1423000000.0,,,,,,,,,,,-613000000.0,,1117000000.0,,2429000000,META
2018-12-31,USD,7684000000.0,,,,,1225000000.0,4366000000,-1564000000.0,-178000000.0,,-3749000000.0,-3541000000.0,,,,,,,,,,,-3500000000.0,,392000000.0,,6882000000,META
2018-09-30,USD,7496000000.0,,,,,1107000000.0,3343000000,-489000000.0,607000000.0,,-4248000000.0,-5157000000.0,,,,,0.0,0.0,,,,,-4256000000.0,,-1906000000.0,,5137000000,META
2018-06-30,USD,6299000000.0,,,,,1034000000.0,3459000000,-627000000.0,-501000000.0,,-2383000000.0,-4271000000.0,,,,,0.0,0.0,,,,,-3349000000.0,,-357000000.0,,5106000000,META
2018-03-31,USD,7860000000.0,,,,,949000000.0,2812000000,788000000.0,223000000.0,,-1287000000.0,-2603000000.0,,,,,0.0,0.0,,,,,-1774000000.0,,3970000000.0,,4988000000,META
2017-12-31,USD,7670000000.0,,,,,853000000.0,2262000000,-1374000000.0,3286000000.0,,-4993000000.0,-1842000000.0,,,,,0.0,0.0,,,,,-958000000.0,,878000000.0,43000000.0,4268000000,META
2017-09-30,USD,6128000000.0,,,,,773000000.0,1755000000,-458000000.0,136000000.0,,-3714000000.0,-1532000000.0,,,,,0.0,0.0,,,,,-640000000.0,,949000000.0,67000000.0,4707000000,META
2017-06-30,USD,5360000000.0,,,,,728000000.0,1444000000,-386000000.0,80000000.0,,-5440000000.0,-869000000.0,,,,,0.0,0.0,,,,,-150000000.0,,-852000000.0,97000000.0,3894000000,META
2017-03-31,USD,5058000000.0,,,,,671000000.0,1271000000,609000000.0,-54000000.0,,-5891000000.0,-992000000.0,,,,,0.0,0.0,,,,,-228000000.0,,-1799000000.0,26000000.0,3064000000,META
2016-12-31,USD,4930000000.0,,,,,614000000.0,1269000000,-1011000000.0,1128000000.0,,-1975000000.0,4000000.0,,,,,0.0,0.0,,,,,0.0,,2865000000.0,-94000000.0,3568000000,META
2016-09-30,USD,4036000000.0,,,,,591000000.0,1095000000,-253000000.0,2000000.0,,-3117000000.0,-8000000.0,,,,,0.0,0.0,,,,,-6000000.0,,930000000.0,19000000.0,2379000000,META
2016-06-30,USD,3665000000.0,,,,,585000000.0,995000000,-492000000.0,332000000.0,,-4971000000.0,4000000.0,,,,,0.0,0.0,,,,,0.0,,-1348000000.0,-46000000.0,2055000000,META
2016-03-31,USD,3477000000.0,,,,,552000000.0,1132000000,267000000.0,-41000000.0,,-1676000000.0,-310000000.0,,,,,0.0,0.0,,,,,0.0,,1549000000.0,58000000.0,1510000000,META
2015-12-31,USD,2827000000.0,,,,,543000000.0,692000000,-568000000.0,644000000.0,,-2726000000.0,554000000.0,,,,,0.0,0.0,,,,,0.0,,599000000.0,-56000000.0,1562000000,META
2015-09-30,USD,2192000000.0,,,,,486000000.0,780000000,-207000000.0,647000000.0,,-3300000000.0,315000000.0,,,,,0.0,0.0,,,,,0.0,,-815000000.0,-22000000.0,896000000,META
2015-06-30,USD,1880000000.0,,,,,459000000.0,549000000,-282000000.0,262000000.0,,-564000000.0,342000000.0,,,,,0.0,0.0,,,,,0.0,,1704000000.0,46000000.0,719000000,META
2015-03-31,USD,1700000000.0,,,,,457000000.0,502000000,84000000.0,195000000.0,,-2844000000.0,371000000.0,,,,,0.0,0.0,,,,,0.0,,-896000000.0,-123000000.0,512000000,META
2014-12-31,USD,1583000000.0,,,,,433000000.0,517000000,-346000000.0,107000000.0,,-6616000000.0,401000000.0,,,,,0.0,0.0,,,,,-70000000.0,,-4684000000.0,-52000000.0,701000000,META
2014-09-30,USD,1248000000.0,,,,,289000000.0,482000000,-182000000.0,53000000.0,,2997000000.0,438000000.0,,,,,0.0,0.0,,,,,5000000.0,,4615000000.0,-68000000.0,806000000,META
2014-06-30,USD,1341000000.0,,,,,257000000.0,469000000,-187000000.0,129000000.0,,-422000000.0,470000000.0,,,,,0.0,0.0,,,,,1000000.0,,1386000000.0,-3000000.0,791000000,META
2014-03-31,USD,1285000000.0,,,,,264000000.0,363000000,105000000.0,-24000000.0,,-1872000000.0,262000000.0,,,,,0.0,0.0,,,,,-3000000.0,,-325000000.0,,642000000,META
2013-12-31,USD,1231000000.0,,,,,274000000.0,483000000,-233000000.0,380000000.0,,-2534000000.0,1525000000.0,,,,,0.0,0.0,,,,,-183000000.0,,223000000.0,1000000.0,523000000,META
2013-09-30,USD,950000000.0,,,,,274000000.0,284000000,-83000000.0,47000000.0,,734000000.0,-1599000000.0,,,,,0.0,0.0,,,,,-148000000.0,,99000000.0,14000000.0,425000000,META
2013-06-30,USD,1322000000.0,,,,,230000000.0,268000000,-116000000.0,558000000.0,,-498000000.0,-149000000.0,,,,,0.0,0.0,,,,,-153000000.0,,676000000.0,1000000.0,333000000,META
2013-03-31,USD,719000000.0,,,,,241000000.0,327000000,54000000.0,-13000000.0,,-326000000.0,-444000000.0,,,,,0.0,0.0,,,,,-405000000.0,,-59000000.0,-8000000.0,219000000,META
2012-12-31,USD,681000000.0,,,,,224000000.0,198000000,,108000000.0,,535000000.0,-1314000000.0,,,,,0.0,0.0,,,,,-2862000000.0,,,,64000000,META
2012-09-30,USD,250000000.0,,,,,176000000.0,171000000,,3000000.0,,-389000000.0,507000000.0,,,,,0.0,0.0,,,,,6760000000.0,,,,-59000000,META
2012-06-30,USD,240000000.0,,,,,139000000.0,413000000,,-339000000.0,,-6450000000.0,7040000000.0,,,,,0.0,0.0,,,,,6761000000.0,,,,-157000000,META
2012-03-31,USD,441000000.0,,,,,110000000.0,453000000,,-19000000.0,,-720000000.0,50000000.0,,,,,,,,,,,,,,,205000000,META
2011-12-31,USD,510000000.0,,,,,103000000.0,185000000,,,,-43000000.0,131000000.0,,,,,,,,,,,,,,,302000000,META
2011-09-30,USD,565000000.0,,,,,97000000.0,136000000,,178000000.0,,-795000000.0,14000000.0,,,,,,,,,,,,,,,227000000,META
2011-06-30,USD,129000000.0,,,,,72000000.0,132000000,,-213000000.0,,-2032000000.0,255000000.0,,,,,,,,,,,,,,,240000000,META
2011-03-31,USD,345000000.0,,,,,51000000.0,153000000,,4000000.0,,-153000000.0,798000000.0,,,,,,,,,,,,,,,233000000,META
2010-12-31,USD,698000000.0,,,,,,293000000,,,,,781000000.0,,,,,,,,,,,,,,,251000000,META
2010-09-30,USD,,,,,,,0,,,,,,,,,,,,,,,,,,,,131000000,META
2010-06-30,USD,,,,,,,0,,,,,,,,,,,,,,,,,,,,129000000,META
2010-03-31,USD,,,,,,,0,,,,,,,,,,,,,,,,,,,,95000000,META
2025-06-30,USD,27867000000.0,,,,,2830000000.0,3462000000,,365000000.0,,5073000000.0,-24833000000.0,,,,,3945000000.0,3945000000.0,,,,,-21075000000.0,,,,23434000000,AAPL
2025-03-31,USD,23952000000.0,,,,,2661000000.0,3071000000,,643000000.0,,2917000000.0,-29006000000.0,,,,,3758000000.0,3758000000.0,,,,,-25898000000.0,,,,24780000000,AAPL
2024-12-31,USD,29935000000.0,,,,,3080000000.0,2940000000,,215000000.0,,9792000000.0,-39371000000.0,,,,,3856000000.0,3856000000.0,,,,,-23606000000.0,,,,36330000000,AAPL
2024-09-30,USD,26811000000.0,,,,,2911000000.0,2908000000,,-1087000000.0,,1445000000.0,-24948000000.0,,,,,3804000000.0,3804000000.0,,,,,-25083000000.0,,,,14736000000,AAPL
2024-06-30,USD,28858000000.0,,,,,2850000000.0,2151000000,,-12000000.0,,-127000000.0,-36017000000.0,,,,,3895000000.0,3895000000.0,,,,,-26522000000.0,,,,21448000000,AAPL
2024-03-31,USD,22690000000.0,,,,,2836000000.0,1996000000,,190000000.0,,-310000000.0,-30433000000.0,,,,,3710000000.0,3710000000.0,,,,,-23205000000.0,,,,23636000000,AAPL
2023-12-31,USD,39895000000.0,,,,,2848000000.0,2392000000,,-137000000.0,,1927000000.0,-30585000000.0,,,,,3825000000.0,3825000000.0,,,,,-20139000000.0,,,,33916000000,AAPL
2023-09-30,USD,21598000000.0,,,,,2653000000.0,2163000000,-21137000000.0,952000000.0,,3705000000.0,-23153000000.0,,,,,3758000000.0,3758000000.0,,,,,-21003000000.0,,839000000.0,,22956000000,AAPL
2023-06-30,USD,26380000000.0,,,,,3052000000.0,2093000000,-3661000000.0,-22000000.0,,437000000.0,-24048000000.0,,,,,3849000000.0,3849000000.0,,,,,-17478000000.0,,2769000000.0,,19881000000,AAPL
2023-03-31,USD,28560000000.0,,,,,2898000000.0,2916000000,17786000000.0,-741000000.0,,2319000000.0,-25724000000.0,,,,,3650000000.0,3650000000.0,,,,,-19594000000.0,,5155000000.0,,24160000000,AAPL
2022-12-31,USD,34005000000.0,,,,,2916000000.0,3787000000,6595000000.0,-1807000000.0,,-1445000000.0,-35563000000.0,,,,,3768000000.0,3768000000.0,,,,,-19475000000.0,,-3003000000.0,,29998000000,AAPL
2022-09-30,USD,24127000000.0,,,,,2865000000.0,3289000000,-18693000000.0,435000000.0,,-1217000000.0,-26794000000.0,,,,,3703000000.0,3703000000.0,,,,,-24428000000.0,,-3884000000.0,,20721000000,AAPL
2022-06-30,USD,22892000000.0,,,,,2805000000.0,2102000000,3165000000.0,-16000000.0,,4234000000.0,-27445000000.0,,,,,3811000000.0,3811000000.0,,,,,-21865000000.0,,-319000000.0,,19442000000,AAPL
2022-03-31,USD,28166000000.0,,,,,2737000000.0,2514000000,19931000000.0,384000000.0,,-9265000000.0,-28351000000.0,,,,,3595000000.0,3595000000.0,,,,,-22631000000.0,,-9450000000.0,,25010000000,AAPL
2021-12-31,USD,46966000000.0,,,,,2697000000.0,2803000000,-13746000000.0,681000000.0,,-16106000000.0,-28159000000.0,,,,,3732000000.0,3732000000.0,,,,,-20478000000.0,,2701000000.0,,34630000000,AAPL
2021-09-30,USD,20200000000.0,,,,,2989000000.0,3223000000,-17604000000.0,-1429000000.0,,835000000.0,-20382000000.0,,,,,3640000000.0,3640000000.0,,,,,-19748000000.0,,653000000.0,,20551000000,AAPL
2021-06-30,USD,21094000000.0,,,,,2832000000.0,2093000000,-869000000.0,13000000.0,,3572000000.0,-29396000000.0,,,,,3767000000.0,3767000000.0,,,,,-22900000000.0,,-4730000000.0,,21744000000,AAPL
2021-03-31,USD,23981000000.0,,,,,2797000000.0,2269000000,25584000000.0,-276000000.0,,-10368000000.0,-11326000000.0,,,,,3447000000.0,3447000000.0,,,,,-18548000000.0,,2287000000.0,,23630000000,AAPL
2020-12-31,USD,38763000000.0,,,,,2666000000.0,3500000000,-21139000000.0,-950000000.0,,-8584000000.0,-32249000000.0,,,,,3613000000.0,3613000000.0,,,,,-24775000000.0,,-2070000000.0,,28755000000,AAPL
2020-09-30,USD,20576000000.0,,,,,2702000000.0,1784000000,-5364000000.0,-137000000.0,,5531000000.0,-21357000000.0,,,,,3511000000.0,3511000000.0,,,,,-17187000000.0,,4750000000.0,,12673000000,AAPL
2020-06-30,USD,16271000000.0,,,,,2752000000.0,1565000000,-1373000000.0,-689000000.0,,-5165000000.0,-19116000000.0,,,,,3656000000.0,3656000000.0,,,,,-15891000000.0,,-8010000000.0,,11253000000,AAPL
2020-03-31,USD,13311000000.0,,,,,2786000000.0,1853000000,9290000000.0,727000000.0,,9013000000.0,-20940000000.0,,,,,3375000000.0,3375000000.0,,,,,-18574000000.0,,1384000000.0,,11249000000,AAPL
2019-12-31,USD,30516000000.0,,,,,2816000000.0,2107000000,5917000000.0,-28000000.0,,-13668000000.0,-25407000000.0,,,,,3539000000.0,3539000000.0,,,,,-20706000000.0,,-8559000000.0,,22236000000,AAPL
2019-09-30,USD,19910000000.0,,,,,3179000000.0,2777000000,-19320000000.0,-785000000.0,,-798000000.0,-21039000000.0,,,,,3479000000.0,3479000000.0,,,,,-17444000000.0,,-1927000000.0,,13686000000,AAPL
2019-06-30,USD,11636000000.0,,,,,2933000000.0,2000000000,-214000000.0,1502000000.0,,27502000000.0,-26804000000.0,,,,,3629000000.0,3629000000.0,,,,,-16955000000.0,,12334000000.0,,10044000000,AAPL
2019-03-31,USD,11155000000.0,,,,,3040000000.0,2363000000,10675000000.0,70000000.0,,13348000000.0,-29457000000.0,,,,,3443000000.0,3443000000.0,,,,,-23702000000.0,,-4954000000.0,,11561000000,AAPL
2018-12-31,USD,26690000000.0,,,,,3395000000.0,3355000000,12035000000.0,-1076000000.0,,5844000000.0,-13676000000.0,,,,,3568000000.0,3568000000.0,,,,,-8796000000.0,,18858000000.0,,19965000000,AAPL
2018-09-30,USD,19523000000.0,,,,,2754000000.0,3041000000,-22624000000.0,1942000000.0,,-3001000000.0,-22580000000.0,,,,,3530000000.0,3530000000.0,,,,,-19104000000.0,,-6058000000.0,,14125000000,AAPL
2018-06-30,USD,14488000000.0,,,,,2665000000.0,3267000000,-3946000000.0,1693000000.0,,3947000000.0,-31523000000.0,,,,,3653000000.0,3653000000.0,,,,,-20783000000.0,,-13088000000.0,,11519000000,AAPL
2018-03-31,USD,15130000000.0,,,,,2739000000.0,4195000000,28468000000.0,-3241000000.0,,28710000000.0,-26272000000.0,,,,,3190000000.0,3190000000.0,,,,,-22756000000.0,,17568000000.0,,13822000000,AAPL
2017-12-31,USD,28293000000.0,,,,,2745000000.0,2810000000,-15230000000.0,434000000.0,,-13590000000.0,-7501000000.0,,,,,3339000000.0,3339000000.0,,,,,-10095000000.0,,7202000000.0,,20065000000,AAPL
2017-09-30,USD,15656000000.0,,,,,2484000000.0,4000000000,-13040000000.0,-1709000000.0,,-9942000000.0,-3996000000.0,,,,,3270000000.0,3270000000.0,,,,,-7795000000.0,,1718000000.0,,10714000000,AAPL
2017-06-30,USD,8672000000.0,,,,,2354000000.0,2360000000,-2002000000.0,-236000000.0,,-3180000000.0,-2078000000.0,,,,,3365000000.0,3365000000.0,,,,,-7093000000.0,,3414000000.0,,8717000000,AAPL
2017-03-31,USD,12570000000.0,,,,,2332000000.0,3015000000,7373000000.0,-198000000.0,,-14202000000.0,418000000.0,,,,,3004000000.0,3004000000.0,,,,,-7161000000.0,,-1214000000.0,,11029000000,AAPL
2016-12-31,USD,27234000000.0,,,,,2987000000.0,3420000000,1322000000.0,-580000000.0,,-19122000000.0,-12225000000.0,,,,,3130000000.0,3130000000.0,,,,,-10851000000.0,,-4113000000.0,,17891000000,AAPL
2016-09-30,USD,16126000000.0,,,,,2548000000.0,4038000000,-10257000000.0,-301000000.0,,-7397000000.0,-6482000000.0,,,,,3092000000.0,3092000000.0,,,,,-6026000000.0,,2247000000.0,,9014000000,AAPL
2016-06-30,USD,10634000000.0,,,,,2526000000.0,2905000000,6681000000.0,450000000.0,,-4470000000.0,-9441000000.0,,,,,3187000000.0,3187000000.0,,,,,-10166000000.0,,-3277000000.0,,7796000000,AAPL
2016-03-31,USD,11601000000.0,,,,,2477000000.0,2599000000,724000000.0,170000000.0,,-13660000000.0,6884000000.0,,,,,2902000000.0,2902000000.0,,,,,-6667000000.0,,4825000000.0,,10516000000,AAPL
2015-12-31,USD,27463000000.0,,,,,2954000000.0,4006000000,3896000000.0,-102000000.0,,-20450000000.0,-11444000000.0,,,,,2969000000.0,2969000000.0,,,,,-6863000000.0,,-4431000000.0,,18361000000,AAPL
2015-09-30,USD,13475000000.0,,,,,3119000000.0,3658000000,-6701000000.0,-307000000.0,,-1375000000.0,-6299000000.0,,,,,2964000000.0,2964000000.0,,,,,-13253000000.0,,5801000000.0,,11124000000,AAPL
2015-06-30,USD,14988000000.0,,,,,3084000000.0,2089000000,-1743000000.0,354000000.0,,-11403000000.0,-2755000000.0,,,,,3053000000.0,3053000000.0,,,,,-10000000000.0,,830000000.0,,10677000000,AAPL
2015-03-31,USD,19081000000.0,,,,,2479000000.0,2476000000,11812000000.0,-113000000.0,,-22331000000.0,-1739000000.0,,,,,2743000000.0,2743000000.0,,,,,-6970000000.0,,-4989000000.0,,13569000000,AAPL
2014-12-31,USD,33722000000.0,,,,,2575000000.0,3265000000,-2757000000.0,-172000000.0,,-21165000000.0,-6923000000.0,,,,,2801000000.0,2801000000.0,,,,,-5030000000.0,,5634000000.0,,18024000000,AAPL
2014-09-30,USD,13250000000.0,,,,,1969000000.0,3852000000,-10252000000.0,-246000000.0,,2997000000.0,-15380000000.0,,,,,2829000000.0,2829000000.0,,,,,-17000000000.0,,867000000.0,,8467000000,AAPL
2014-06-30,USD,10255000000.0,,,,,1946000000.0,2431000000,-1020000000.0,235000000.0,,-22214000000.0,5987000000.0,,,,,2867000000.0,2867000000.0,,,,,-5000000000.0,,-5972000000.0,,7748000000,AAPL
2014-03-31,USD,13538000000.0,,,,,1887000000.0,1486000000,9377000000.0,293000000.0,,11741000000.0,-20407000000.0,,,,,2661000000.0,2661000000.0,,,,,-17971000000.0,,4872000000.0,,10223000000,AAPL
2013-12-31,USD,22670000000.0,,,,,2144000000.0,2044000000,-4557000000.0,-358000000.0,,-15103000000.0,-7749000000.0,,,,,2769000000.0,2769000000.0,,,,,-5029000000.0,,-182000000.0,,13072000000,AAPL
2013-09-30,USD,9908000000.0,,,,,1783000000.0,2306000000,-7188000000.0,-67000000.0,,611000000.0,-7508000000.0,,,,,2769000000.0,2769000000.0,,,,,-4910000000.0,,3011000000.0,,7512000000,AAPL
2013-06-30,USD,7828000000.0,,,,,1694000000.0,2016000000,-117000000.0,-452000000.0,,-6507000000.0,-2126000000.0,,,,,2811000000.0,2811000000.0,,,,,-16000000000.0,,-805000000.0,,6900000000,AAPL
2013-03-31,USD,12504000000.0,,,,,1692000000.0,2299000000,8198000000.0,210000000.0,,-14357000000.0,-2248000000.0,,,,,2491000000.0,2491000000.0,,,,,-54000000.0,,-4101000000.0,,9547000000,AAPL
2012-12-31,USD,23426000000.0,,,,,1588000000.0,2455000000,-2842000000.0,-664000000.0,,-13521000000.0,-4497000000.0,,,,,2493000000.0,2493000000.0,,,,,-1950000000.0,,5408000000.0,,13078000000,AAPL
2012-09-30,USD,9136000000.0,,,,,981000000.0,3501000000,-4394000000.0,331000000.0,,-4313000000.0,-2022000000.0,,,,,2488000000.0,2488000000.0,,,,,-81000000.0,,2801000000.0,,8223000000,AAPL
2012-06-30,USD,10189000000.0,,,,,835000000.0,2963000000,-529000000.0,-20000000.0,,-12310000000.0,-55000000.0,,,,,,,,,,,56000000.0,,-2176000000.0,,8824000000,AAPL
2012-03-31,USD,13977000000.0,,,,,740000000.0,1509000000,2725000000.0,134000000.0,,-14476000000.0,310000000.0,,,,,,,,,,,286000000.0,,-189000000.0,,11622000000,AAPL
2011-12-31,USD,17554000000.0,,,,,721000000.0,1429000000,-4767000000.0,-460000000.0,,-17128000000.0,69000000.0,,,,,,,,,,,91000000.0,,495000000.0,,13064000000,AAPL
2011-09-30,USD,10429000000.0,,,,,543000000.0,4571000000,-244000000.0,113000000.0,,-13136000000.0,431000000.0,,,,,,,,,,,254000000.0,,-2276000000.0,,6623000000,AAPL
2011-06-30,USD,11108000000.0,,,,,481000000.0,962000000,-376000000.0,41000000.0,,-15032000000.0,37000000.0,,,,,,,,,,,83000000.0,,-3887000000.0,,7308000000,AAPL
2011-03-31,USD,6219000000.0,,,,,434000000.0,656000000,-221000000.0,-45000000.0,,-1522000000.0,547000000.0,,,,,,,,,,,286000000.0,,5244000000.0,,5987000000,AAPL
2010-12-31,USD,9773000000.0,,,,,356000000.0,1263000000,-950000000.0,166000000.0,,-10729000000.0,429000000.0,,,,,,,,,,,208000000.0,,-527000000.0,,6004000000,AAPL
2010-09-30,USD,5683000000.0,,,,,329000000.0,813000000,-3525000000.0,-109000000.0,,-4383000000.0,256000000.0,,,,,,,,,,,179000000.0,,1556000000.0,,4308000000,AAPL
2010-06-30,USD,4801000000.0,,,,,273000000.0,626000000,-1817000000.0,-304000000.0,,-5430000000.0,316000000.0,,,,,,,,,,,199000000.0,,-313000000.0,,3253000000,AAPL
2010-03-31,USD,2330000000.0,,,,,216000000.0,301000000,211000000.0,-62000000.0,,-83000000.0,162000000.0,,,,,,,,,,,160000000.0,,2409000000.0,,3074000000,AAPL
2009-12-31,USD,5781000000.0,,,,,209000000.0,381000000,271000000.0,-121000000.0,,-3958000000.0,523000000.0,,,,,,,,,,,374000000.0,,2346000000.0,,3378000000,AAPL
2009-09-30,USD,3110000000.0,,,,,197000000.0,472000000,,-75000000.0,,-3771000000.0,319000000.0,,,,,,,,,,,187000000.0,,-342000000.0,,1665000000,AAPL
2009-06-30,USD,2270000000.0,,,,,182000000.0,272000000,,-68000000.0,,-1339000000.0,208000000.0,,,,,,,,,,,166000000.0,,1139000000.0,,1828000000,AAPL
2009-03-31,USD,841000000.0,,,,,181000000.0,116000000,,84000000.0,,-3685000000.0,74000000.0,,,,,,,,,,,45000000.0,,-2770000000.0,,1620000000,AAPL
2008-12-31,USD,3938000000.0,,,,,168000000.0,353000000,,113000000.0,,-8639000000.0,62000000.0,,,,,,,,,,,77000000.0,,-4639000000.0,,2255000000,AAPL
2008-09-30,USD,4295000000.0,,,,,134000000.0,422000000,,36000000.0,,-1993000000.0,200000000.0,,,,,,,,,,,9000000.0,,2502000000.0,,1136000000,AAPL
2008-06-30,USD,1321000000.0,,,,,117000000.0,330000000,,-181000000.0,,-1372000000.0,354000000.0,,,,,,,,,,,178000000.0,,303000000.0,,1072000000,AAPL
2008-03-31,USD,1193000000.0,,,,,116000000.0,215000000,,95000000.0,,-1362000000.0,77000000.0,,,,,,,,,,,54000000.0,,-92000000.0,,1045000000,AAPL
2007-12-31,USD,2787000000.0,,,,,106000000.0,232000000,,-113000000.0,,-3462000000.0,485000000.0,,,,,,,,,,,-9000000.0,,-190000000.0,,1581000000,AAPL
2007-09-30,USD,1696000000.0,,,,,93000000.0,234000000,,-95000000.0,,396000000.0,142000000.0,,,,,,,,,,,-3000000.0,,2234000000.0,,904000000,AAPL
2007-06-30,USD,1227000000.0,,,,,81000000.0,289000000,,-43000000.0,,-1433000000.0,229000000.0,,,,,,,,,,,118000000.0,,23000000.0,,818000000,AAPL
2007-03-31,USD,734000000.0,,,,,69000000.0,206000000,,95000000.0,,-978000000.0,180000000.0,,,,,,,,,,,75000000.0,,-64000000.0,,770000000,AAPL
2006-12-31,USD,1813000000.0,,,,,74000000.0,257000000,,-33000000.0,,-1234000000.0,188000000.0,,,,,,,,,,,101000000.0,,767000000.0,,1004000000,AAPL
2006-09-30,USD,1055000000.0,,,,,66000000.0,145000000,,-57000000.0,,357000000.0,53000000.0,,,,,,,,,,,-1000000.0,,-1621000000.0,,542000000,AAPL
2006-06-30,USD,1007000000.0,,,,,57000000.0,237000000,,-9000000.0,,3086000000.0,129000000.0,,,,,,,,,,,73000000.0,,1667000000.0,,472000000,AAPL
2006-03-31,USD,-125000000.0,,,,,50000000.0,193000000,,40000000.0,,2462000000.0,-141000000.0,,,,,,,,,,,-275000000.0,,2196000000.0,,410000000,AAPL
2005-12-31,USD,283000000.0,,,,,52000000.0,82000000,,-79000000.0,,93000000.0,283000000.0,,,,,,,,,,,134000000.0,,659000000.0,,565000000,AAPL
2005-09-30,USD,752000000.0,,,,,51000000.0,96000000,,28000000.0,,-429000000.0,74000000.0,,,,,,,,,,,74000000.0,,397000000.0,,430000000,AAPL
2005-06-30,USD,472000000.0,,,,,46000000.0,63000000,,-29000000.0,,305000000.0,63000000.0,,,,,,,,,,,63000000.0,,840000000.0,,315000000,AAPL
